Drug,%Dead,Date,shP53,shCHK2,shATR,shCHK1,shATX,shDNAPK,shBOK,shBIM
6-Thioguanine,92,1/23/2012,4.149231955,5.485222881,-0.460936649,-2.883123496,0.073988434,0.612683258,-2.719102069,0.920058153
6-Thioguanine,88,1/23/2012,4.032238037,5.206702148,0.015548444,-2.131436396,0.253694457,0.417029158,-2.062800787,1.024003321
6-Thioguanine,84,1/23/2012,4.482841855,5.047573567,0.367161995,-2.460744021,0.679439256,0.649882561,-1.748353388,1.110578532
6-Thioguanine,74,1/23/2012,3.827869633,4.839410644,1.076948988,-1.469024579,0.959733699,0.731505751,-1.296222122,1.220439807
6-Thioguanine,76,11/23/2012,3.018528375,3.398754913,0.674920971,-1.090227695,-0.898749214,-0.736060505,-0.796536676,0.9065038
6-Thioguanine,77,11/24/2012,3.294470099,3.472913752,1.004417892,-1.341106245,-0.421108322,-0.833431356,-0.742050627,1.544719871
6-Thioguanine,73,11/24/2012,3.103256977,3.616536813,1.069769172,-1.073100661,-0.413484598,-0.979998302,-1.034921234,1.696158254
6-Thioguanine,90,12/7/2012,4.981645144,4.935234207,0.82802027,-1.778264793,-0.815039068,-1.480887434,-1.082464543,1.5241923
6-Thioguanine,89,12/9/2012,4.40546879,4.781103144,0.974696133,-1.637137805,-0.072414662,-0.609340241,-1.382538688,1.480763557
6-Thioguanine,82,DEC-11-2012,3.928916902,3.921792381,1.213676774,-1.500681822,-0.318137574,-0.960552876,-0.952223566,1.166420761
6-Thioguanine,83,12/11/2012,3.935498551,3.952825951,1.019628807,-1.227086897,-0.573583439,-0.908576972,-0.735194329,1.172429495
6-Thioguanine,93,4/8/2013,4.340993379,5.611693135,-0.12509522,-3.121184411,0.694810672,0.345268275,-0.955219304,1.156315325
6-Thioguanine,79,4/12/2013,3.83613993,4.095899149,0.185946081,-2.385258934,1.115662211,0.275091453,-0.75204781,0.920350231
6-Thioguanine,82,4/12/2013,4.606618918,4.861603063,0.045263313,-2.281278997,1.211504105,0.401862961,-1.090904634,0.833674662
6-Thioguanine,88,4/12/2013,4.658083954,4.915689911,0.196392112,-2.921997488,0.964478472,0.048147581,-1.024400025,1.102180395
6-Thioguanine,89,4/12/2013,4.913794083,5.313911468,-0.011473332,-2.025090981,0.944333087,0.538536768,-0.992051247,1.179780032
Doxorubicin,93,6/9/2014,4.419693862,4.468295549,1.433751395,-0.565178251,-1.427981178,-1.517178372,-0.849749814,1.701375553
Doxorubicin,93,10/10/2014,4.658533021,4.199187081,1.84502534,-0.912758215,-2.770098883,-1.575252619,-1.906367379,2.057234987
doxorubicin,92,9/29/2012,4.160424482,3.785877923,1.539142811,-0.652545788,-2.505673591,-0.841778736,-1.093702324,1.908553089
doxorubicin,92,6/26/2015,3.713700892,3.811624711,1.20642383,-0.695253339,-1.645095358,-1.72726069,-1.603247399,1.503648528
doxorubicin,91,12/23/2012,3.858557595,4.043143412,1.427515541,-0.393911917,-2.424746457,-0.958157421,-0.978056049,1.60551614
doxorubicin,91,4/24/2014,4.294800917,3.946051627,1.500681822,-0.701786209,-2.219704125,-1.95128901,-1.752270877,1.750218911
doxorubicin,91,3/21/2013,4.543621848,4.142957954,1.547267099,-0.821274028,-1.677021807,-1.100958099,-1.341750819,1.949272025
doxorubicin,91,7/21/2014,4.935429254,4.224253746,1.763844715,-0.333770714,-2.175627954,-1.887551976,-2.581848993,2.100592389
doxorubicin,91,12/11/2012,4.375993675,4.04071327,1.445524822,-0.551621275,-1.9903309,-1.069759492,-1.444125508,1.435621233
doxorubicin,91,6/1/2014,4.561985663,4.371097512,1.6919828,-1.130223509,-1.66607684,-2.181972629,-1.835497232,1.45567503
doxorubicin,91,5/13/2015,4.286514337,4.222869177,1.508662227,-0.256162429,-1.799153109,-1.467350054,-1.688055994,1.966322251
doxorubicin,91,2/1/2013,5.109474536,4.658740427,2.071347668,-0.430145347,-2.273183274,-1.830844548,-1.15200505,1.810355133
doxorubicin,91,3/21/2014,4.169660457,3.715484187,1.661583977,-0.66541845,-1.720788926,-1.561873895,-2.707825333,1.61786718
doxorubicin,91,12/17/2011,3.379621292,3.576423131,0.774663608,-0.399491456,-1.263174684,-1.052015567,-1.244826747,0.710678903
doxorubicin,90,4/8/2012,4.009809695,3.764684067,1.456311658,-0.2330576,-1.222765854,-0.670401635,-1.571302504,2.006252328
doxorubicin,90,10/16/2013,4.11354719,4.096861539,1.101321187,-0.485334512,-1.770934011,-1.769060645,-2.010888316,1.710493383
doxorubicin,90,10/6/2014,4.941481642,4.614594706,1.790531892,-0.974670476,-2.163842828,-1.781176198,-1.858934662,2.096132089
doxorubicin,90,10/28/2013,4.759526397,4.055282436,1.798520265,-0.807354922,-2.247927513,-2.081638469,-1.759764741,2.415037499
doxorubicin,90,7/21/2014,4.877345256,4.303121351,1.988030744,-0.816260944,-1.87445669,-1.850870136,-2.05558228,2.0373038
doxorubicin,90,3/15/2013,3.681034171,3.3584398,1.712007133,-0.407828666,-2.200774019,-1.740317556,-1.426111415,1.671926157
doxorubicin,90,6/27/2013,4.690127344,3.930851588,1.183972776,-1.018378529,-1.525553804,-1.765271984,-1.572787787,1.435386145
doxorubicin,90,3/3/2013,4.224450595,3.678594035,1.230906092,-0.979940664,-1.800540858,-1.27489188,-1.177344583,1.742415597
doxorubicin,90,5/14/2012,4.109771422,3.841268171,1.275105045,-0.927963605,-1.728185661,-1.5890963,-1.061163002,1.509000066
doxorubicin,90,5/12/2012,4.340825621,3.984570613,1.618130243,-0.762107989,-1.599900358,-1.149061135,-1.854610648,1.605860076
doxorubicin,90,8/14/2012,4.963176301,3.764411282,1.739761762,-0.467557663,-4.302330658,-1.566547316,-1.51801555,0.874469118
doxorubicin,89,1/24/2013,3.832004875,3.793526529,1.307830646,-0.711786829,-1.928284366,-1.231105961,-1.316550876,1.456457648
doxorubicin,89,3/16/2013,3.988883968,3.742383264,1.557683494,-0.994803082,-1.823833274,-1.624088168,-1.498831189,1.761751808
doxorubicin,89,4/29/2016,3.178228305,3.651331874,1.275729864,0.143794984,-1.427703911,,-1.133396975,1.077574907
doxorubicin,89,6/7/2014,3.568568714,3.517015292,1.512469844,-1.120681482,-1.281670128,-1.450613761,-1.232378978,1.170419735
doxorubicin,89,3/30/2013,4.121968269,3.896131397,1.564462049,-0.50989596,-1.263863236,-1.194503024,-0.45855584,1.467759448
doxorubicin,89,4/28/2016,3.11758283,3.750108563,1.505137346,0.237672529,-1.065606993,-0.207972231,-1.442594589,0.979403958
doxorubicin,89,4/8/2013,3.883038666,4.343237518,1.90172056,-0.35287348,-1.686951284,-1.588016229,-1.623310244,1.290891331
doxorubicin,89,6/3/2015,2.962962621,2.233681287,0.944782195,-0.550047755,-1.472408679,-1.01337704,-1.570074324,1.512811281
doxorubicin,89,2/14/2013,4.041963799,4.15264701,1.20174856,-0.66541845,-1.63140736,-1.399957844,-0.871904255,1.741180311
doxorubicin,89,5/24/2012,3.608393269,3.847582412,1.485536387,-0.606582543,-2.011682747,-0.985582637,-0.839267423,1.515483104
doxorubicin,89,12/7/2012,3.815225042,3.58320834,1.262120252,-0.726900524,-1.832507246,-1.580579071,-1.400751788,1.500001168
doxorubicin,89,MAR-12-2013,3.355742841,3.558988327,1.175213846,-0.513801472,-1.881924384,-0.839267423,-1.401371706,1.505160774
doxorubicin,88,3/2/2013,4.251348926,3.596248245,1.274136591,-0.955830584,-1.425371353,-1.376862894,-1.345672068,1.569583552
doxorubicin,88,10/31/2013,3.964896199,3.896831924,1.621956708,-0.742503778,-1.686048626,-2.011220407,-1.8248231,1.487358643
doxorubicin,88,11/13/2013,4.532495081,3.614709844,1.743999186,-0.566346823,-2.114450242,,-1.504071048,1.851083275
doxorubicin,88,7/17/2013,4.40546879,4.12792348,1.672425342,-0.350186355,-0.982622473,-1.567351485,-1.229303549,1.652076697
doxorubicin,88,10/27/2013,4.459431619,3.86507042,1.887661124,-0.883303775,-2.032780685,-1.91922335,-1.273077228,1.99158776
doxorubicin,88,10/13/2014,4.184789448,4.159858819,1.519835258,-0.555333572,-1.602129269,-1.468382213,-1.133983447,1.784055231
doxorubicin,88,7/14/2013,4.354710119,4.301686588,1.661725183,-0.544437601,-1.926582681,-1.359802847,-2.101902921,1.397381142
doxorubicin,88,2/4/2013,4.278576592,3.937364404,1.648971605,-0.547471496,-1.561434574,-1.807342168,-1.274683737,1.49215173
doxorubicin,88,4/23/2016,3.499750312,3.448077497,1.216074479,-0.314958504,-1.562181325,-0.521841305,-1.066076286,1.312159446
doxorubicin,88,3/29/2013,4.174940269,4.122438868,1.620762005,-0.570621122,-1.582867083,-0.682982363,-0.480366019,1.754088133
doxorubicin,88,5/30/2014,4.892786084,4.390990563,1.780986689,-0.73679699,-2.013666444,-1.671075864,-2.060917429,1.737634528
doxorubicin,88,8/31/2012,3.486054263,2.850065554,1.583864141,-0.603039452,-1.815568328,-1.207471153,-1.20308119,1.336527002
doxorubicin,88,3/29/2012,4.156487842,3.888419212,1.310675187,-0.297707449,-1.353094934,-1.113841908,-1.139067038,1.575739355
doxorubicin,88,3/29/2012,4.629824122,4.042310805,1.429596077,-0.618885042,-0.941632889,-1.133114618,-1.312618539,1.692482965
doxorubicin,88,3/25/2012,3.054995506,3.707460922,1.483096103,-0.50546458,-1.903784685,-1.244090124,0.418029776,1.52931469
doxorubicin,88,3/4/2012,3.877736832,4.093662939,1.604468557,-0.404578582,-2.32370757,-1.288962208,-0.911077384,1.34782806
doxorubicin,88,10/6/2011,1.837071908,3.610390406,1.184063842,0.063218568,-0.982267244,-1.087395091,-1.087761278,0.944691794
doxorubicin,87,5/9/2012,3.446591599,3.860950142,1.296493048,-0.648592048,-1.251183521,-1.085881805,-0.998305701,1.295781659
doxorubicin,87,6/29/2013,3.911463325,3.600936137,1.653731733,-0.689070904,-1.376303179,-1.426700417,-1.253097595,1.553126414
doxorubicin,87,11/2/2013,3.896164189,3.699435056,1.511899039,-0.440572591,-1.100164162,-1.878158877,-1.523061663,1.91753784
doxorubicin,87,7/18/2013,3.910675957,4.251517425,1.725825037,-0.616306629,-1.204358499,-1.416796383,-1.430567198,1.3533368
doxorubicin,87,1/31/2015,3.318076636,3.347953275,0.997849905,-0.572877848,-0.952308872,-0.668102342,-0.024551532,1.273496106
doxorubicin,87,10/27/2014,4.685592972,4.154026481,1.819219257,-0.556075699,-2.206636476,-1.472881062,-1.781564092,1.853747828
doxorubicin,87,5/31/2014,4.362862835,4.358431511,1.784439259,-0.929041449,-1.902264435,-1.619471596,-0.956529133,1.933501728
doxorubicin,87,4/12/2013,3.604196316,3.778773008,1.574749529,-0.624611577,-1.802702825,-1.576239146,-1.326197294,1.271530274
doxorubicin,87,2/28/2013,4.418513241,3.841117794,1.291640147,-1.021246701,-1.783478373,-1.738353977,-1.304706608,1.929889552
doxorubicin,87,8/15/2012,4.234465511,3.604482713,1.767245268,-0.741691227,-1.552636116,-1.453837456,-1.223910548,1.404677182
doxorubicin,87,12/17/2011,2.81787534,3.605499718,0.395965127,-0.470110991,-0.863606308,-1.193239967,-1.393323983,0.781482858
doxorubicin,86,11/24/2012,4.179772787,3.758014548,1.379061457,-0.350528367,-1.966052668,-0.915625652,-0.909649694,1.708132088
doxorubicin,86,4/15/2013,3.758014548,3.764554783,1.401959734,-0.514356861,-1.251467049,-1.391527554,-0.615736096,1.21153862
doxorubicin,86,5/22/2014,3.711346283,3.767037171,1.325563524,-1.246243809,-2.289993377,-1.902334905,-1.701874291,1.703077436
doxorubicin,86,5/7/2016,2.659037869,2.408444154,1.171018544,0.019301245,-1.836783055,-0.046072859,-2.161173416,0.669035093
doxorubicin,86,5/21/2014,3.848828671,3.836984042,1.696951937,-0.796257956,-2.321809407,-2.052380624,-1.496503194,1.973574714
doxorubicin,86,6/17/2015,3.733934741,3.729016486,1.711007457,-0.135085762,-1.244243808,-0.374273422,-0.96029415,1.585859356
doxorubicin,86,2/26/2012,3.766128939,4.054821949,1.13876407,-0.678708997,-1.302240038,-1.360307028,-1.43539906,1.793318941
doxorubicin,86,10/26/2013,4.413963666,3.754887502,2.308300131,-0.490986353,-1.887661124,-1.190331212,-1.131244533,1.918590887
doxorubicin,85,12/9/2012,3.436537978,3.630974898,1.211956412,-0.197386048,-1.803623307,-1.251819852,-1.214594051,1.415082361
doxorubicin,85,1/31/2013,3.880906608,4.009101808,1.873194011,-0.234873313,-2.11369787,-1.660079622,-1.021147968,1.543465513
doxorubicin,85,12/18/2014,4.129396752,3.62923073,1.338522944,-0.587502592,-1.232487604,-1.208469536,-1.981536394,1.612553886
doxorubicin,85,5/16/2015,3.522943667,3.161161856,1.520295004,-1.101044335,-2.065312424,-1.620974141,-2.034206992,1.552513966
doxorubicin,85,11/18/2012,4.250773499,3.929603589,1.369760191,-0.639928353,-2.277777653,-1.327447413,-1.352267873,1.657401924
doxorubicin,85,4/27/2012,3.058882528,3.355182187,1.052366978,-0.41599148,-2.025116437,-1.569440675,-1.453137229,1.345952808
doxorubicin,84,4/25/2014,3.406776572,3.572306203,1.25856291,-0.922883409,-1.713531488,-1.97237532,-1.494953182,1.173954898
doxorubicin,84,6/20/2015,3.876510207,4.303121351,1.565253206,-0.301772614,-1.096776968,-1.07366949,-1.004328371,1.08246216
doxorubicin,84,10/24/2014,3.71062852,3.970091361,1.782105928,-1.118527989,-2.19537047,-1.441470907,-1.825922519,1.433139306
doxorubicin,84,3/2/2012,4.099090329,3.775936826,1.499582974,-0.402363147,-1.749770436,-0.998399673,-1.734025664,1.853834903
doxorubicin,83,3/17/2012,3.125219453,3.090079738,1.230203562,-0.484299875,-0.939547483,-1.011514516,-1.222158597,1.554841135
doxorubicin,83,6/24/2013,4.279954171,3.930851588,1.653731733,-0.371968777,-1.658827739,-1.674904626,-1.232173442,1.373458396
doxorubicin,83,6/18/2015,3.647160493,3.711728584,1.60344891,-0.218490937,-1.630471542,-1.194050529,-1.220325975,1.331994205
doxorubicin,83,2/19/2012,4.274340976,4.017435237,1.481659997,-0.477549558,-1.77565061,-0.99826049,-1.557132595,1.616980451
doxorubicin,82,2/25/2012,3.793526529,4.004357282,1.338308391,-0.590355215,-1.807549379,-1.334888724,-1.459102312,1.750707907
doxorubicin,82,3/22/2014,3.599004177,3.002317741,1.527301075,-0.36883382,-0.983268074,-1.331477537,-1.904519603,1.053887638
doxorubicin,82,10/2/2015,3.80021048,3.29756786,1.153011619,-0.915657681,-1.423723227,-1.521696859,-1.432792245,1.572844599
doxorubicin,82,10/7/2015,3.517067877,3.396793657,1.492678591,-0.536232054,-0.990015911,-1.654043934,-1.566861536,1.521303863
doxorubicin,82,6/16/2015,3.435747395,4.187753481,2.156752947,0.096010341,-0.938806262,-0.536137983,-1.104187491,1.329554283
doxorubicin,82,3/6/2014,3.76874676,3.505570658,1.084221252,-0.24799453,-1.631029201,-1.602412083,-0.970787153,1.551958393
doxorubicin,82,5/20/2014,3.260663121,3.509868477,1.687588902,,-2.04864736,-1.639283497,-1.783115868,
doxorubicin,82,9/4/2013,3.724892762,3.459431619,1.330645312,-0.513801472,-1.68563681,-1.577308928,-1.531533188,1.788834834
doxorubicin,81,1/17/2013,3.746065856,3.298068631,1.018716831,-0.616775457,-2.032479486,-1.159772285,-1.255098426,1.267231227
doxorubicin,81,9/2/2013,3.54761461,3.548403117,1.424908583,-0.724787858,-1.140445394,-2.01287941,-1.321657649,1.378387699
doxorubicin,81,7/27/2015,3.455289256,3.3871868,1.485309878,-0.133365156,-0.850364163,-0.362875082,-0.870140521,1.116052963
doxorubicin,81,7/27/2015,3.455289256,3.3871868,1.485309878,-0.133365156,-0.850364163,-0.362875082,-0.870140521,1.116052963
doxorubicin,81,4/26/2014,3.344050427,3.078117428,0.982936755,-0.804744933,-1.559723498,-1.482386791,-1.417511501,1.205741244
doxorubicin,81,5/20/2016,3.201377285,3.490920937,1.178105879,-0.082392587,-1.511276022,-1.308024353,-1.283591613,1.209351021
doxorubicin,81,5/23/2014,3.583450985,3.4179695,1.676702586,-0.880075768,-2.114775914,-1.684736839,-1.225833263,1.587141279
doxorubicin,81,3/17/2013,3.873780049,3.612491711,1.374648564,-0.946489756,-1.530572546,-0.984696171,-1.180814162,1.173399948
doxorubicin,81,2/13/2012,3.317286936,2.747636307,0.999210131,-0.494224594,-1.257711893,-1.186679788,-0.801140052,1.460656837
doxorubicin,80,5/18/2012,3.166510337,3.318144725,1.273847571,-0.408992912,-1.607812491,-1.07870606,-0.980774883,1.020926947
doxorubicin,80,3/23/2012,3.593447047,3.562923721,1.603524669,-0.609572283,-1.712951545,-1.186608029,-1.474486617,1.923707295
doxorubicin,80,10/4/2015,3.796274103,3.724262048,1.268847119,-0.533745676,-1.056404513,-1.564997908,-1.270591766,0.958509604
doxorubicin,80,11/22/2013,3.724892762,3.275089844,1.395301281,-0.582908842,-2.273908851,-1.265881519,-1.657376831,1.349481622
doxorubicin,80,7/22/2014,3.967389728,3.17735598,1.387710794,-0.762957062,-1.528126745,-1.568710493,-1.536938293,1.53201051
doxorubicin,80,7/5/2015,3.52130881,3.606624789,1.693025533,-0.087040568,-0.742095499,-0.692591119,-1.220709978,1.273231381
doxorubicin,80,6/23/2013,3.805672479,3.46396781,1.212404915,-0.311347158,-1.23234202,-1.384417606,-1.696625434,1.062737857
doxorubicin,80,3/24/2014,3.848239135,3.571629604,1.540224186,-0.46160599,-1.671293997,-1.775573187,-1.803190626,1.071713509
doxorubicin,80,4/26/2016,2.721954997,3.514370093,1.346230772,-0.045101986,-1.096345212,-0.403896942,-0.869466125,1.039548193
doxorubicin,80,2/11/2013,3.625324094,3.028466895,1.3652556,-0.619466879,-1.811629137,-1.365817758,-1.025157962,1.523806042
doxorubicin,80,9/26/2012,3.823723548,3.358365999,1.567741646,-0.549572059,-2.150686096,-1.427677869,-0.961578626,1.401045512
doxorubicin,80,7/16/2012,3.258183453,3.421813156,1.227614664,-0.685412322,-1.208185,-0.887325776,-1.276103231,1.027846332
doxorubicin,79,11/23/2012,3.119094108,2.972997982,0.930596302,-0.438531922,-1.863263663,-0.975544828,-1.196705618,1.089146744
doxorubicin,79,12/20/2014,3.754566431,3.242429714,1.187103918,-0.470202364,-1.047504319,-1.290052721,-1.097035477,1.33004011
doxorubicin,79,10/17/2013,3.410933101,3.399560163,1.001570708,-0.857334771,-1.608187771,-1.147133137,-1.373816003,1.081388327
doxorubicin,79,12/17/2011,2.84305654,3.077304262,1.081048744,-0.513801472,-1.148523832,-1.082464543,-1.280780489,0.823270729
doxorubicin,78,4/29/2012,3.409569749,3.593198651,1.050127767,-0.567306342,-1.48997174,-1.119915002,-1.165422077,1.290380125
doxorubicin,78,11/22/2014,4.146119859,3.312369101,1.373953732,0.2056564,-1.162145448,-1.329449365,-1.746489254,1.510512552
doxorubicin,78,10/12/2015,2.97372201,2.775431101,0.941628221,-0.468039413,-0.852708979,-1.247909818,-1.424392495,1.357803641
doxorubicin,78,10/17/2014,3.441904736,2.955128585,1.150608534,-0.922145207,-1.180224327,-1.44595574,-1.05313074,1.377722942
doxorubicin,78,2/13/2014,3.479422384,3.332034702,1.431265961,-0.521837736,-1.498555764,-1.689783957,-1.390371778,1.06402046
doxorubicin,78,4/27/2012,3.149056726,3.187520164,1.19047656,-0.489550906,-1.714351477,-1.357838428,-0.982184274,0.997216979
doxorubicin,77,9/5/2013,3.208769137,3.30580843,1.029747343,-0.39739198,-0.868806086,-1.682049761,-1.305720169,0.895860879
doxorubicin,77,9/22/2014,2.980638353,3.135703721,1.158514796,-0.751203002,-1.73286544,-0.637217956,-0.630196722,1.101970237
doxorubicin,77,9/21/2013,3.346400382,3.34195515,1.620915765,-0.430584553,-1.715338595,-1.431639467,-1.648302969,1.158262084
doxorubicin,77,5/5/2012,3.050874825,3.547273926,1.123796567,-0.583730522,-1.37367036,-0.886575639,-0.976502236,1.124149827
doxorubicin,76,10/5/2015,3.278943228,3.09535795,1.320009248,-0.589188652,-0.763240637,-1.361959623,-1.70773836,1.212476207
doxorubicin,76,10/8/2015,3.020986583,2.740272338,1.124505789,-0.52526522,-0.651440295,-0.978131351,-1.397068226,1.369302265
doxorubicin,76,9/29/2012,3.073305543,2.915365519,1.27013763,-0.452413589,-1.858622461,-0.926229992,-1.186973108,1.311806057
doxorubicin,75,9/26/2013,3.496425826,2.767826558,0.649868556,-0.760066534,-1.492040569,-1.354963876,-1.658827739,1.247092862
doxorubicin,74,9/20/2014,2.863933297,2.504029487,1.010895776,-0.22692371,-1.673133274,-1.259438582,-1.023868842,1.218866919
doxorubicin,72,8/5/2013,2.792241436,2.656045599,0.995810466,0,-1.203974788,-1.428236997,-0.95594482,1.110998691
doxorubicin,71,9/22/2013,3.133855747,3.021695071,1.016301812,-0.813586876,-1.710493383,-1.631813273,-1.529603213,1.386372281
doxorubicin,70,9/11/2014,2.894841396,2.755241098,1.079866941,-0.706344051,-2.300431949,-0.827558147,-1.618800993,1.147426922
doxorubicin,70,4/24/2016,2.721918296,3.012998964,0.981954934,-0.114166213,-1.398351645,-0.531965523,-1.048835462,1.252811172
doxorubicin,70,11/17/2011,1.781832437,2.024040018,0.798792909,-0.16896202,-0.724645458,-1.03389326,-0.715889692,0.485906346
doxorubicin,67,3/4/2014,2.57325795,2.447715661,0.994698619,-0.229927763,-1.147542577,-1.178925,-1.013960947,0.983188859
doxorubicin,63,2/14/2014,2.468197807,2.420635189,0.936568447,-1.353692979,-0.903549688,-1.44812354,-1.120272119,1.205296003
doxorubicin,55,2/12/2012,2.282787019,2.024318772,0.9389722,-0.258554174,-0.733040596,-1.000200416,-0.607187061,0.735958773
doxorubicin,55,11/21/2011,1.781832437,2.024040018,0.798792909,-0.16896202,-0.724645458,-1.03389326,-0.715889692,0.485906346
vincristine,90,11/17/2011,1.757019803,0.533048164,0.778984065,-1.07190801,-1.444359773,-0.433418937,-3.217911221,-0.618015827
vincristine,91,10/8/2015,1.935668245,0.653710726,0.203498144,-1.225238406,-1.434762067,-0.5881837,-3.798735519,0.938893433
vincristine,90,10/6/2014,2.42704984,1.47576942,0.227598047,-1.126243787,-3.122003756,-0.350150393,-2.063879339,0.638058346
vincristine,81,4/27/2012,1.037598337,0.677322242,0.498186058,-0.823749988,-2.061154241,-0.573279528,-3.05433406,0.201835345
vincristine,84,8/14/2012,2.257124134,0.382549647,0.412599424,-1.297171336,-2.001483491,-0.047745364,-2.928659855,-3.171613599
vincristine,86,9/11/2014,1.588933521,1.144484534,-0.021782422,-1.016801063,-2.973973399,0.030860469,-2.158482675,0.623663642
vincristine,88,11/22/2014,3.480557461,0.713395675,-0.242120904,0.982747236,0.175108951,-0.080999592,-3.833303916,0.552002948
vincristine,79,10/24/2014,1.56190801,1.107188168,0.29249666,-1.02926872,-1.841355593,0.026264015,-2.483591849,0.509088159
vincristine,84,10/5/2015,1.917010804,0.686804747,0.45673637,-0.701829732,-1.486329703,-0.415626103,-3.253141283,0.978022728
vincristine,80,10/27/2014,2.814582707,0.477936959,0.161140785,-0.365113065,-1.310921651,0,-3.14208547,0.702784839
vincristine,85,6/6/2015,0.53877777,0.196296572,0.568065012,-0.841378033,-1.918907739,-0.758828936,-3.466104213,0.701897445
vincristine,87,10/13/2014,1.913756266,0.908246627,0.479797658,-1.087707547,-1.743999186,-0.624475905,-2.125679667,0.645783708
vincristine,78,7/27/2015,1.472133476,0.635363529,1.671347175,0.311695281,-1.169710356,0.338636436,-1.136932847,0.068840944
vincristine,78,10/4/2015,2.269972178,0.898574933,0.361163966,-0.739550934,-1.652369758,-0.272050607,-3.049392166,0.940814839
vincristine,82,6/16/2015,1.440643472,1.493351375,1.207249054,0.345333431,-1.171761972,0.687642785,-1.684065598,0.56368672
vincristine,85,8/15/2012,2.004952977,0.308307735,0.400168942,-1.213413594,-2.449312369,-0.576156703,-3.203537454,0.434727136
vincristine,81,7/5/2015,2.00247673,1.426381341,0.547120674,-0.12403174,-1.270211457,0.603808869,-2.594316035,0.401184661
vincristine,77,4/25/2012,1.622186726,0.793386391,0.162392312,-0.859860728,-1.561243144,-0.302064213,-3.062854686,0.632119858
vincristine,89,6/18/2015,1.947251861,1.14307199,0.825023359,-0.615736096,-1.761913049,0.026608925,-2.607089006,0.551363974
vincristine,73,6/3/2015,0.063790012,-0.234210937,0.357620587,-0.658822616,-1.642326524,-0.400386276,-3.100662339,0.323289989
vincristine,76,9/20/2014,1.554386808,0.61886271,0.462783167,-0.500957735,-2.135818038,-0.388443328,-2.004042005,0.409329414
vincristine,76,7/18/2013,1.937101243,0.916533177,0.526987343,-0.865888506,-1.492040569,-0.427421224,-2.893084796,0.728725222
vincristine,88,3/23/2012,0.627568672,0.792761474,0.619333619,-0.866843862,-1.589038941,-0.367346851,-2.225714501,0.512078259
vincristine,89,3/25/2012,1.311246575,0.630954618,0.447904813,-0.288217057,-1.467647065,-0.604733421,-1.767367159,0.486316282
vincristine,68,5/13/2015,1.137300485,0.574590339,0.042367966,-0.333528557,-1.644975307,-0.251930202,-1.806408334,0.576137334
cisplatin,92,12/8/2011,4.273242141,4.387183464,0.457476423,-1.4535375,-1.570418021,0.845668452,-0.253238571,1.312407334
cisplatin,91,5/24/2012,4.874185172,5.061350848,-0.637429921,-2.598518968,-2.072227677,0.342715668,0.326491549,1.153794149
cisplatin,91,2/26/2012,4.840395349,5.55359833,0.161086436,-2.337200533,-1.167924869,0.742503778,-0.981817044,1.822185813
cisplatin,91,3/4/2012,4.565237587,4.826589101,0.033488692,-1.526943708,-2.12747089,0.910005829,-0.606849619,2.65258417
cisplatin,90,5/12/2012,4.374238301,4.317272511,-0.358512576,-2.151208765,-1.478047297,0.65063443,-0.65838357,1.337539562
cisplatin,89,3/17/2012,4.825968674,4.631611101,0.090564078,-1.581447192,-1.097549317,1.028486092,0.20559355,1.537328235
cisplatin,89,11/17/2011,4.454931737,4.790962747,-0.735264376,-1.77565061,-1.616999159,0.963349137,-1.219402379,0.723809437
cisplatin,86,8/15/2012,4.033231753,3.786771381,0.400168942,-1.316793842,-0.867961687,0.406096247,-0.118417139,0.583422994
cisplatin,89,5/9/2012,4.699922975,4.758438207,-0.063563028,-2.023131681,-1.721708564,0.663881695,-0.24292807,1.15944724
cisplatin,89,3/25/2012,3.734853662,4.360742408,-0.071748851,-2.010888316,-1.518715222,0.504918495,-0.627006615,1.471194802
cisplatin,85,3/2/2012,4.260875985,4.456055555,0.518561275,-1.813912503,-0.722572294,0.93764875,-1.085881805,1.55823608
cisplatin,90,5/18/2012,4.527619459,4.638725414,-0.152020583,-1.635173659,-1.399148096,0.560595085,-0.092090192,0.785608249
cisplatin,89,3/23/2012,4.809079603,4.544691882,-0.078546767,-1.928006864,-1.712951545,0.470959129,-0.445262623,1.678212535
cisplatin,88,4/25/2012,3.879780447,3.927993487,-0.524395904,-1.941249055,-1.727754213,0.593773396,-0.327361981,1.436083829
cisplatin,88,3/12/2012,4.173530155,4.264377456,0.256644125,-1.776091346,-1.692250574,0.720238415,-0.191524538,1.337704797
cisplatin,87,4/29/2012,4.108681454,4.262861176,-0.601416706,-2.079004684,-1.572166036,0.548470845,-0.03385386,1.150081544
cisplatin,87,12/8/2011,3.848213181,4.264071246,0.66806157,-1.863586668,-1.987662682,0.83965722,-0.329582991,1.168083347
cisplatin,86,11/21/2011,4.254706515,4.278049664,-0.243216201,-1.940420438,-1.40443802,0.736050677,-0.651401403,1.115539652
cisplatin,86,6/13/2014,4.159858819,4.596413866,-0.437520635,-1.58201957,-0.774554834,0.682188596,0.024254884,1.009938237
cisplatin,86,4/28/2012,4.073755422,4.205654443,-0.056736645,-1.555315141,-1.341085097,0.710470141,-0.060097948,0.858750009
cisplatin,89,3/2/2012,4.917416368,5.215056186,0.470002026,-1.5477835,-0.760470324,0.978948516,-1.336914275,1.876918516
cisplatin,85,5/5/2012,3.869268441,4.302890018,-0.367161995,-2.112432628,-1.052102534,0.513819965,0.136391821,1.01731911
cisplatin,84,1/16/2012,4.095619443,3.955713019,-0.642780327,-1.730323986,-1.526577547,0.623168115,-0.705179853,0.967789412
cisplatin,83,11/17/2011,4.398978845,4.632571667,-0.500533316,-1.462515471,-1.215526387,0.554518672,-0.847433601,0.560098835
cisplatin,83,4/25/2014,3.794724115,4.747845377,0.053878369,-1.792602658,-1.346274006,0.541429466,-0.234646438,1.084185176
cisplatin,83,3/2/2014,4.154216396,3.585117488,-0.034812398,-1.616674264,-1.056873345,0.027000358,-0.568687356,0.830023997
cisplatin,84,2/26/2012,4.302629951,4.605175556,0.091312552,-1.850527548,-0.925941788,0.574341385,-1.038098122,1.596326211
cisplatin,83,MAY-5-2014,4.027204358,3.810339191,-0.071056835,-1.770862644,-0.839693001,0.436243741,-0.281717444,1.009520042
cisplatin,82,4/28/2016,3.063457378,3.509963158,-0.162223481,-0.837785616,-0.800574704,0.469233201,-0.295895787,0.380654505
cisplatin,82,7/3/2014,4.242599266,3.647330229,0.082888678,-1.843193182,-0.698655308,0.376359952,-0.438532515,1.160663432
cisplatin,81,12/23/2012,3.748138437,4.438583744,0.380105308,-1.172889241,-1.049429942,0.575899864,-0.045016485,1.244803669
cisplatin,81,4/29/2016,3.063457378,3.466676735,-0.330927708,-0.941306882,-1.336724686,,-0.20829634,0.918920836
cisplatin,81,5/9/2012,4.072114877,3.918841967,0.07645125,-1.807618231,-1.113519511,0.793522586,0.11136058,0.777458261
cisplatin,81,5/18/2012,3.900050787,3.834393646,-0.181032993,-1.690645804,-1.181907496,0.536193328,-0.068619355,0.743812307
cisplatin,80,4/25/2012,3.714199666,3.490228557,-0.288389366,-1.774547779,-1.446203544,0.601882637,-0.367346851,1.296638392
cisplatin,80,5/22/2014,3.752258555,3.806653734,-0.647008136,-1.832680053,-1.239665078,0.389900679,-0.491214927,1.257841996
cisplatin,80,5/12/2012,3.58958357,3.340264154,-0.294092395,-1.887571855,-1.401371706,0.554600646,-0.566103473,1.041460648
cisplatin,79,3/23/2012,3.943239754,3.655664668,0.203161479,-1.750147637,-1.544650286,0.793196943,-0.821260878,1.426182882
cisplatin,79,5/24/2012,4.110062675,4.334807465,-0.40446661,-1.559761947,-1.70362261,0.414009573,0.471225777,0.895067882
cisplatin,76,6/26/2014,3.607485517,2.804109943,0.198611195,-1.538091399,-0.765703099,0.391681678,-0.932849495,1.068583503
cisplatin,76,5/21/2014,3.510038371,3.649905877,-0.456244403,-1.598294095,-1.092593327,0.458320534,-0.588296416,1.487115177
Cisplatin,68,JUL-21-2014,4.008653984,3.422428613,0.107717036,-1.638945542,-1.256339753,0.176386973,-0.706121864,1.239765458
phenanthriplatin,95,12/17/2011,3.265780153,1.505191604,-0.971105168,-0.944386025,-2.098543983,0.500020164,0.661136418,1.56305425
phenanthriplatin,95,11/17/2011,3.693798993,1.601612767,0.083811548,-0.777151073,-1.057127639,0.413241986,0.520919297,1.504479795
phenanthriplatin,94,12/8/2011,2.960312083,1.303658882,1.193330795,-0.513930954,-1.24010621,0.509107365,0.697859567,1.862743492
phenanthriplatin,91,5/18/2012,3.1973378,1.376696907,-0.026749043,-0.274620886,-1.716824891,0.725605732,0.093714435,1.038390383
phenanthriplatin,91,12/11/2012,3.105794664,1.584351286,-0.185772131,-0.620712526,-1.780870765,0.015036981,0.157241335,1.026715622
phenanthriplatin,91,5/14/2012,3.022878433,1.175539173,0.068655516,-0.982329309,-1.52321573,0.310708487,0.231759291,1.094159855
phenanthriplatin,91,5/5/2012,2.716154977,1.165422077,-0.078616874,-0.409540334,-1.112011288,0.41082955,-0.39866417,1.25901026
phenanthriplatin,91,8/15/2012,2.143772327,0.872876212,0.313940184,-0.52466199,-0.958249843,-0.044343355,-0.05300725,0.358034496
phenanthriplatin,91,12/17/2011,2.877020855,1.535570082,0.042003521,-0.455772534,-1.348418372,0.397013947,0.575373149,1.437004027
phenanthriplatin,90,4/8/2012,2.85252663,1.528832273,-0.024256312,-0.45530867,-0.969634195,0.805043116,0.097475311,1.351572406
phenanthriplatin,90,3/29/2012,3.110538375,1.110126189,-0.21647304,-0.656540383,-1.275339678,0.433266333,0.744000457,1.326981323
phenanthriplatin,90,12/8/2011,2.796505017,1.115652544,0.817611555,-0.719838741,-1.703376009,0.499534165,0.5981274,1.491690886
phenanthriplatin,89,12/17/2011,2.94196446,1.208065784,0.112034723,-0.581338143,-1.348418372,0.191456853,0.4987272,1.622379377
phenanthriplatin,87,4/25/2012,2.698476758,1.258619891,-0.353129905,-0.711218399,-1.581187268,-0.117818984,-0.079878579,1.032773533
phenanthriplatin,86,3/23/2012,1.236739042,1.401931844,-0.118883347,-0.510711272,-1.665490191,0.585861576,0.598544708,1.078901213
phenanthriplatin,86,12/8/2011,2.546333598,1.219913349,0.700578467,-0.620958243,-1.554553609,0.396131934,0.527685163,1.370145009
phenanthriplatin,85,3/2/2014,2.554430007,1.210909926,-0.106290016,-0.558965133,-1.138113262,-0.708123301,-0.285825404,0.75653617
phenanthriplatin,84,3/29/2012,2.819173213,1.032549925,-0.409540334,-0.287106676,-1.417798447,0.361922619,0.663674477,1.228840231
phenanthriplatin,84,12/17/2011,2.751889446,1.214508756,-0.336802516,-0.558549038,-1.4515787,0.31024437,0.22953637,1.354720636
phenanthriplatin,81,5/5/2012,2.265088768,1.187687705,-0.105554465,-0.470002026,-1.022861666,0.394635427,-0.025851504,0.890793626
phenanthriplatin,77,5/24/2012,2.452139919,1.071601902,0.166470195,-0.424937808,-1.806275787,0.177158665,1.049063843,0.938388158
Phenanthriplatin,74,JAN-16-2012,2.216356318,1.017929211,-0.217836516,-0.339912745,-1.11456998,0.052406424,0.085695915,0.809777584
phenanthriplatin,70,11/21/2011,2.249571694,0.845704221,-0.079444932,-0.326730156,-1.194123828,0.125196707,-0.102426949,1.095326552
phenanthriplatin,70,11/17/2011,2.076656086,0.945851023,-0.051640983,-0.455646739,-0.952471942,0.086648375,0.405088486,0.866362124
phenanthriplatin,62,11/21/2011,2.087323548,0.724549253,-0.015707681,-0.376253582,-1.040823581,0.100533509,-0.404379019,0.886549413
phenanthriplatin,51,11/21/2011,1.863397444,0.693025532,-0.03943646,-0.347794539,-0.923863726,0.228960792,-0.298460892,0.825163054
phenanthriplatin,49,11/21/2011,1.942202489,0.686696469,0.092469752,-0.326730156,-1.102330346,0.135712254,-0.17974819,0.787002524
phenanthriplatin,48,7/22/2014,1.897281489,0.643405106,-0.270008049,-0.602365241,-0.743009839,-0.130687252,-0.712216824,0.829806252
carboplatin,77,1/16/2012,3.871544578,3.66920358,0.18529229,-1.61103246,-1.330813764,0.652428356,-0.433540545,1.087000064
carboplatin,84,2/26/2012,4.961721039,5.665352461,0.400873968,-1.756711509,-1.104361841,1.172889241,-0.759565973,1.874126782
carboplatin,57,1/21/2012,2.97089913,3.503053926,0.359756277,-0.827032749,-0.821260878,0.581386959,-0.194378045,0.710665229
oxaliplatin,89,1/16/2012,2.741554389,1.046223803,-0.301023992,-0.326201417,-0.749839019,0.065289096,0.516978745,0.385664306
oxaliplatin,92,5/30/2014,2.909122506,0.931558944,-0.155320423,0.671738944,-1.188753809,-0.470502976,0.376474597,0.527803424
oxaliplatin,90,4/25/2014,2.640929966,1.443850745,0,-0.019713564,-1.390105644,-0.108196576,0.880410591,0.975861615
oxaliplatin,88,3/12/2012,2.341616292,0.417668596,0.078917418,-0.069041644,-0.860770516,0.111339943,0.753748535,0.664056629
oxaliplatin,86,12/11/2012,2.747429929,1.207471153,-0.052957211,0.191900858,-1.147293665,-0.190868995,0.819365861,0.710067393
oxaliplatin,82,5/20/2016,1.74059612,1.678085705,-0.500323021,0.062469227,-1.0103139,0.147950971,0.78039912,0.77743338
oxaliplatin,82,3/2/2014,2.185476508,0.485388486,-0.11845508,0.222093045,-0.489521214,-0.949239063,0.355223842,0.601416706
oxaliplatin,79,3/23/2012,2.404764756,1.313024033,0.264361065,0.268899817,-1.19821121,0.282570307,1.124705227,0.641049245
oxaliplatin,75,5/3/2014,2.07314547,0.734694925,0.029203535,0.201233758,-0.643019602,0.186842919,1.005773175,0.435376263
oxaliplatin,74,12/9/2012,2.341762994,1.294629136,-0.25733286,0.073677393,-1.118398358,-0.047461354,0.814468415,0.697266979
oxaliplatin,77,1/16/2012,2.274220954,1.182815342,0.174189286,-0.194236077,-0.733443463,0.026381203,0.810474383,0.685263043
oxaliplatin,93,1/21/2012,2.84203596,1.589297488,0.306626031,0.255454219,-1.186679788,0.108853967,1.106281433,1.112007673
oxaliplatin,80,1/21/2012,2.558686477,1.27677807,0.385781498,0.178401786,-0.708163924,-0.025023089,1.099443808,0.903728095
pyriplatin,88,1/16/2012,3.248025608,3.10929143,-0.190898925,-1.499956246,-0.95940668,0.623168115,-1.027198141,1.303797925
pyriplatin,79,1/16/2012,2.908062397,2.848639676,-0.231449516,-1.183536188,-0.95940668,0.623168115,-0.83867085,1.198819875
pyriplatin,88,1/21/2012,3.387640936,4.495986435,-0.114812566,-1.401672168,-0.483174596,0.637410838,-1.379933698,1.713812519
pyriplatin,72,1/21/2012,3.004387822,3.960479886,-0.149020708,-2.254726912,-0.821260878,0.414758248,-1.379933698,1.279467774
ActinomycinD,79,1/27/2012,3.102883331,0.200715394,0.937231445,-0.371006917,-1.095855327,0.346200682,0.388212156,1.044097668
ActinomycinD,92,4/29/2012,2.855900222,1.076619223,1.05756175,-0.029143402,-1.821376332,0.13076158,-0.103287116,0.964658092
ActinomycinD,87,3/12/2012,3.322544613,-0.194835695,0.932828784,-0.189633684,-1.940463158,0.706524481,0.194197394,1.229104236
SAHA,91,2/25/2012,0.890937981,0.157158694,-0.456381459,-2.28713727,0.137812429,1.346230772,-0.871361332,3.644998466
SAHA,90,1/27/2012,1.320199281,0.344338454,-0.590552479,-1.742455147,-0.680336368,0.292389041,-0.305077706,3.808031979
SAHA,83,7/1/2012,0.203639414,-0.811937024,-0.737836007,-1.573950595,-1.018015645,0.517766224,-0.718482274,2.942126505
SAHA,83,4/29/2012,0.613024786,0.24700555,-0.681939749,-3.179168846,-0.245219411,0.594516252,-1.024078107,3.16096986
SAHA,78,2/25/2012,0.4866906,0,-0.283479684,-2.404113392,-0.220485356,0.993732667,-0.687116103,2.900552051
SAHA,75,7/6/2012,0.345194372,0.187473352,-0.332245639,-1.483543401,-0.209643929,0.317044371,-1.086310326,2.687213613
SAHA,65,2/12/2012,1.381748181,0.221165193,-0.397373621,-1.013102737,-0.793793348,0.646218364,0.170318646,2.449440203
Taxol,91,8/31/2012,3.808969628,0.345684408,-0.319068441,-1.381424788,-2.036389405,0.017577768,-1.676433288,0.737920803
Taxol,91,11/22/2013,4.165465353,0.381194044,-0.544352005,-1.882513907,-1.720140972,-0.20069735,-1.710493383,0.76667508
Taxol,92,10/16/2013,3.18854068,0.686842115,-0.471466599,-2.01662383,-1.198209779,-0.13196534,-1.471298232,0.088536675
Taxol,90,1/27/2012,2.782690636,0.046146972,0.074604699,-1.333542601,-0.109206617,-0.452767888,-1.088377295,0.849696305
Taxol,90,9/5/2013,3.724892762,0.62398439,0,-1.72283372,-2.133062026,-0.21492375,-1.176744024,0.895860879
Taxol,90,10/31/2013,3.314314911,0.554876775,-2.398391937,-3.690181813,-1.293731203,-3.493335991,-3.200139614,-1.480805269
Taxol,90,3/23/2012,2.841212302,-0.124494831,0.281573914,-1.033748741,-0.037080548,-0.115093777,-0.730180147,0.904688114
Taxol,90,4/14/2013,3.258102091,0.628166198,-0.550921663,-1.525174792,-1.418033958,-0.597504943,-2.034973327,0.49584494
Taxol,89,11/21/2013,3.459431619,0.128610275,-0.074076591,-1.396517411,-1.419800445,-0.06576777,-0.963005793,0.678938649
Taxol,88,4/27/2012,2.8305799,0.051563456,0.063453281,-1.250363242,-1.476589451,0,-0.958274296,-0.106065346
Taxol,88,2/3/2014,3.656828487,0.66880748,0,-0.782546628,-0.802744851,-0.080259572,-0.925174962,0.924379323
Taxol,88,14-Oct,3.441904736,0.371968777,-0.1469287,-1.787496452,-1.657718843,-0.273798035,-2.188303531,0.800156365
Taxol,87,11/2/2013,3.640604904,0.831040452,-2.056419496,-1.793909391,-1.304854582,-2.72983613,-3.165451525,-0.913149586
Taxol,86,2/15/2014,2.929315232,0.290710745,0.262376542,-1.479126707,-1.112513906,-0.45282759,-1.149747162,0.905149021
Taxol,86,3/25/2012,2.118799491,-0.071056835,0.098622862,-0.557170349,-0.651425661,-0.618962701,-0.44302167,0.534546098
Taxol,86,3/6/2014,3.524130506,0.88542445,0.162890437,-1.155074102,-1.712064775,-0.340539228,-1.458556389,0.685656739
Taxol,86,11/15/2013,4.105073857,0.402449678,-0.088536675,-1.522160664,-1.850862873,,-1.11035129,0.759275756
Taxol,86,12/9/2011,2.028419306,-0.210713015,-0.164886132,-1.188793895,-0.873014348,-0.473106335,-1.499780368,-0.832188376
Taxol,86,2/19/2012,3.219320436,-0.725801227,-0.220471852,-1.826965562,-1.174262463,-1.062256534,-3.007152844,0.145188666
Taxol,85,6/7/2014,2.492706332,0.277371382,0.250173307,-1.499269219,-1.285051722,-0.26145119,-1.331239989,0.818715036
Taxol,85,9/21/2013,3.274033405,0.095704514,0.572417247,-1.031922134,-1.25161256,0,-1.491991877,0.850139789
Taxol,84,9/26/2013,3.67688499,0.337034987,0.252476576,-1.689220585,-1.018378529,0.265951889,-1.343954401,1.131244533
Taxol,84,7/17/2013,3.574428338,0.95594482,0.314873337,-1.655906524,-1.426749109,0,-1.46712601,0.963005793
Taxol,83,2/4/2013,3.435165993,0.070570128,-0.024860095,-1.285282584,-1.202090689,-0.232013063,-1.316793842,0.944232265
Taxol,82,6/1/2014,3.136279173,0.341073737,0,-1.650908806,-1.171468486,-0.493691752,-1.590393759,0.37853382
Taxol,81,1/27/2012,2.490615212,0.019841172,0.025183618,-0.816031111,-0.081208551,-0.116761414,-0.988604041,0.789705331
Taxol,81,7/16/2012,2.491870644,0,-0.049631841,-1.194695133,-0.897932064,0.265685843,-1.960697246,0.554316301
Taxol,79,4/27/2012,2.443539368,0.640601119,0,-0.9136246,-1.192413264,-0.260691111,-0.675040276,0.17375048
Taxol,78,9/4/2013,2.733825887,0.686842115,0.376113265,-1.343954401,-1.68563681,0.20469042,-0.953324539,1.033947332
Taxol,78,2/1/2014,2.635499894,0.790875768,0.265951889,-0.67652974,-0.392317423,0,-0.481104695,0.777607579
Taxol,78,4/25/2012,2.432832331,-0.210506548,-0.54836129,-1.316166246,-1.156112839,-0.207865444,-1.296730362,0.566768578
Taxol,75,8/14/2012,2.558500291,-0.027734323,-0.178401786,-1.436863862,-1.271510188,0.028180001,-1.568231005,-1.40837582
Taxol,75,2/13/2014,2.677440634,0.483039045,-0.193431457,-1.101491428,-0.836900253,-0.387235401,-0.649445029,0.661655511
Taxol,75,9/22/2013,3.133855747,0.337034987,0,-1.467274434,-2.083792937,-0.180459164,-1.190331212,0.954532047
Taxol,74,7/30/2013,2.889523464,-0.331333243,0.091922489,-1.553492528,-1.32038428,0.116409492,-1.36545547,0.691877705
Taxol,73,7/31/2013,2.896361272,0.361656403,0,-1.87036472,-1.726662522,-0.431282829,-1.079538765,0.637429921
Taxol,73,2/14/2014,2.243004884,0.388771845,-0.190758946,-1.300142423,-1.251720792,-0.320071726,-0.984594374,1.176035761
Taxol,71,2/12/2012,2.048673847,-0.799068667,-0.613617405,-1.981387894,-0.409826975,-0.975204208,-2.066878852,0.16287161
Taxol,71,10/27/2013,2.478047297,0.21492375,-2.50779464,-3.233950687,-3.703246519,-2.932421542,-3.946957228,-1.431339312
Taxol,65,2/12/2014,2.55063824,0,0.110182918,-1.650253961,-0.91753784,0.116409492,-0.857334771,0.509414596
Taxol,52,2/13/2012,1.5925291,-0.775600211,-0.275073416,-1.639591157,-0.248212584,-0.844830999,-1.773125676,-0.015161188
Rapamycin,91,2/12/2012,2.323376402,0.050779036,0.227753801,-0.959986186,-0.563425608,0.175859269,1.746192055,1.506522663
Rapamycin,71,3/12/2012,2.239946664,-0.077968013,0.256644125,-0.800486191,-2.00121591,-0.358659688,1.00419879,1.165523459
Rapamycin,86,2/12/2012,2.019051841,0.12513141,0.079111472,-1.327700335,-1.989460698,0.162890437,1.35202496,1.097881392
5-Fluorouracil,92,2/14/2014,2.636182949,0.932885804,-0.919964005,0.127616832,-2.868804563,0.355354371,1.185381455,1.418127445
5-Fluorouracil,92,5/19/2016,3.25619657,0.668347943,-0.647790019,-2.028932713,-0.342501087,0.271458057,0.802488943,1.425731517
5-Fluorouracil,91,2/13/2014,2.694861753,0.990222158,-0.062364704,-1.977661213,0.171954637,0.189567834,1.106915204,1.143973602
5-Fluorouracil,91,4/23/2016,2.819792025,0.971596573,-0.240897174,-0.847768988,-0.527300546,0.807643567,1.269400094,1.249307789
5-Fluorouracil,90,3/25/2012,2.653607844,1.110260872,0.039972221,-2.137244303,-0.092647207,0.769695637,1.604075922,1.697054403
5-Fluorouracil,90,11/23/2012,3.538082639,1.195991298,-0.790646776,-2.270548957,-0.572430186,0.746024112,1.297363655,1.5361844
5-Fluorouracil,90,10/28/2013,4.485728362,1.370622352,-0.316956953,-1.666955873,0,1.119298928,1.856936951,2.169925001
5-Fluorouracil,90,2/12/2014,2.958586314,0.482151695,-0.371968777,-2.756781052,0.497499659,0.22659241,0.782546628,1.159995884
5-Fluorouracil,90,3/29/2013,2.204898927,1.066758613,-0.241454852,-1.786542773,0.342644111,1.063801988,1.230663311,1.363750465
5-Fluorouracil,89,1/17/2013,2.503547898,1.014646776,-0.673639046,-2.030784443,-0.147392295,0.435982628,1.299457434,0.621132989
5-Fluorouracil,89,4/21/2014,3.425404215,1.219762784,-0.286559964,-1.197713152,0.244161529,0.56415975,1.818897652,1.036775168
5-Fluorouracil,89,1/31/2013,2.688643853,1.066101457,-0.302214161,-2.368186207,0.763996392,0.465501187,1.788473414,1.325119925
5-Fluorouracil,89,4/15/2013,3.16588848,1.121650542,-0.366271672,-1.754129421,-0.081706714,0.475951879,1.557016345,1.196190656
5-Fluorouracil,89,9/20/2014,1.888149819,1.574001994,-0.371855357,-1.90064236,0.524077402,0.658099258,1.943258366,1.461522533
5-Fluorouracil,89,3/8/2013,2.911683934,0.587234462,-0.504812989,-2.104576975,-0.087589792,0.252287258,1.511416873,1.395235106
5-Fluorouracil,89,8/5/2013,2.90841645,0.995895602,0.195654101,-1.505423736,-0.123593945,0.256775415,1.315041709,1.230297619
5-Fluorouracil,89,2/4/2013,2.993845387,0.814191767,-0.363263995,-2.497326228,0.439781336,0.537834967,1.405715869,1.452817368
5-Fluorouracil,89,3/12/2012,3.220550706,0.754738101,-0.00206136,-1.776091346,-0.75372152,0.523123247,1.703445032,1.523187006
5-Fluorouracil,88,2/11/2013,3.148335532,0.789517107,0.019057706,-2.528383657,0.799422593,0.559631152,1.348631251,2.031616577
5-Fluorouracil,88,4/8/2013,2.298740515,1.051933657,-0.662699361,-3.026609597,-0.357249922,0.184187488,1.251380401,0.630954618
5-Fluorouracil,88,10/13/2014,2.827200886,1.011713659,-0.408785906,-1.728345469,0.188936506,0.756326653,1.813439685,1.417872429
5-Fluorouracil,88,2/1/2014,3.055403148,1.017468178,-0.095704514,-0.916533177,0.656743396,0.706033735,1.582702994,1.506959989
5-Fluorouracil,88,9/22/2013,3.20322945,1.106915204,-0.854062907,-2.534183678,0.104740833,0.402449678,1.652638997,1.326500825
5-Fluorouracil,88,4/19/2014,2.553785244,1.187829369,-0.577651553,-2.308228632,0.560238562,0.465904901,1.701141524,1.226676125
5-Fluorouracil,88,2/1/2013,2.9136669,1.235288105,0.089214796,-2.743251787,0.331705321,0.491777079,1.61467702,0.918022083
5-Fluorouracil,88,3/4/2012,2.917170415,1.100498353,-0.356123788,-1.937762323,-0.264361065,0.436475798,1.526920497,1.822096941
5-Fluorouracil,88,3/2/2012,2.869451043,0.664184664,0.060461692,-1.77600053,-0.176458976,0.476791141,1.388146083,1.622345689
5-Fluorouracil,87,11/24/2012,2.620698332,1.167818507,-0.771986209,-2.499303785,0.196771277,0.571296935,1.81065091,1.357684785
5-Fluorouracil,87,9/21/2013,3.20322945,1.294542207,-0.156935163,-2.329473025,0.314873337,0.428957477,1.453717967,1.21813354
5-Fluorouracil,87,4/14/2013,2.903409287,0.997348246,-0.64712735,-2.566860694,,0.374628824,1.401625379,1.49300694
5-Fluorouracil,87,7/14/2013,2.942907967,1.047854118,-0.300394933,-2.648935439,0.890876677,0.925343852,1.648837194,1.02148738
5-Fluorouracil,87,5/18/2016,2.71751604,0.7081344,-0.398019027,-1.381249186,0.296502978,0.46803971,1.150020256,1.524127909
5-Fluorouracil,87,5/3/2014,2.711230358,0.747785611,-0.656343134,-1.584854762,0.035800721,0.74417601,1.170709629,1.041251195
5-Fluorouracil,87,10/24/2014,1.915544965,1.047493864,-0.484208049,-3.305078062,0.368151112,0.193244629,1.342273025,0.937263529
5-Fluorouracil,87,12/9/2012,3.002893462,1.278236281,-0.555002349,-2.580796471,0.433941186,0.619963307,1.71819651,1.415082361
5-Fluorouracil,87,2/3/2014,3.656828487,0.66880748,0,-0.782546628,-0.061557761,0.956696216,1.36545547,1.793909391
5-Fluorouracil,87,8/2/2015,2.420819008,0.558985395,0.507956272,-1.060759655,0.012222314,0.816929558,1.30607885,1.507492792
5-Fluorouracil,87,10/27/2013,2.94753258,0.993486693,-0.825056924,-2.014548309,0.689070904,0.983922603,2.091147888,1.816288047
5-Fluorouracil,87,10/5/2015,2.847957762,0.906413964,0.370080186,-1.887516849,0.846290585,1.133036568,1.382688722,1.345691696
5-Fluorouracil,87,4/24/2016,2.745003848,0.762856798,-0.158830055,-1.200001334,-0.043066518,0.579933493,1.072726518,1.599650493
5-Fluorouracil,87,6/24/2013,2.30540404,0.825056924,-0.153623189,-1.32038428,0.361656403,0.300394933,1.370622352,1.315041709
5-Fluorouracil,87,9/29/2012,1.600611282,0.517797864,-0.143887522,-2.029325446,0.105260719,0.551097113,1.116421221,0.848334517
5-Fluorouracil,86,1/19/2013,2.648809551,1.262344286,-0.572530308,-1.652840795,0.257823215,0.655244808,1.398912806,1.420357026
5-Fluorouracil,86,3/3/2014,2.710677201,1.327115775,-0.643583395,-2.248372529,0.443209844,0.389296363,2.203951836,1.121294067
5-Fluorouracil,86,10/12/2015,2.427099117,0.959810602,0.176660901,-1.326253595,0.590115248,0.83109417,1.116447452,1.485519578
5-Fluorouracil,86,3/21/2013,2.436979288,0.927105768,-0.474869636,-2.136001366,-0.030603028,1.099151096,1.616528831,1.154556015
5-Fluorouracil,86,11/22/2013,2.9091256,1.029747343,-0.544352005,-2.56627448,0.197396868,0.496604026,0.895138455,1.291766124
5-Fluorouracil,86,11/2/2013,2.933158396,1.307566721,-0.649092838,-2.205844576,0.621799269,0.943842821,1.431639467,1.984403145
5-Fluorouracil,86,11/15/2013,2.973829324,1.205194528,-0.480854097,-2.186656497,0.604862058,,1.68529723,1.480805269
5-Fluorouracil,86,10/17/2013,3.18854068,0.963005793,-0.743856465,-2.044394119,0.078422383,0.482151695,1.385653692,1.326500825
5-Fluorouracil,86,10/4/2015,2.80301084,0.963789108,0.435193983,-1.792365567,0.661522853,1.061806822,1.209627697,1.272995003
5-Fluorouracil,86,4/25/2014,1.677314803,1.385626463,0.040550591,-2.316038216,0.305980839,0.57860672,1.473875485,0.944132357
5-Fluorouracil,86,10/17/2014,2.884571646,1.041631478,-0.37357563,-2.79524559,0.761096318,0.701786209,1.832732798,1.28348147
5-Fluorouracil,86,4/12/2013,2.18235167,0.963471497,-0.709960207,-2.467843858,0.154232391,0.442783008,1.694425255,0.929781617
5-Fluorouracil,86,5/20/2016,3.107024832,1.139606067,-0.748498407,-1.855711084,-0.112825834,0.256665654,1.038098122,1.201384448
5-Fluorouracil,86,1/31/2015,1.480172852,0.957870779,-0.647964796,-1.973171866,0.389077427,0.978201773,1.754766207,1.261531656
5-Fluorouracil,86,12/11/2012,2.666360923,1.089997997,-0.138177153,-2.248999432,-0.153650162,0.558549038,1.433005992,1.426858055
5-Fluorouracil,86,11/15/2012,2.123221218,0.900457213,-0.323452392,-2.135273973,0.489598669,0.245450898,1.313640289,0.909833175
5-Fluorouracil,85,6/23/2013,2.490916039,0.834500985,-0.418787339,-1.848503152,0.200657006,0.657470221,1.325875279,0.917426098
5-Fluorouracil,85,6/1/2014,2.886573564,1.274740897,-0.526032541,-2.556439865,0.318947024,0.309763027,1.092222375,0.987159353
5-Fluorouracil,85,5/13/2015,2.369632679,1.150242636,-0.402647183,-1.816655218,1.092480916,0.520393894,2.374356711,1.807793551
5-Fluorouracil,85,11/22/2014,2.627626471,0.99196636,-1.01780975,-2.12289344,0.59315942,0.218038431,1.833018895,1.191951308
5-Fluorouracil,85,10/31/2013,3.614709844,1.157541277,-0.707446507,-2.547835,0.181177752,0.943842821,1.119298928,1.66703019
5-Fluorouracil,85,3/22/2013,2.351924652,1.270794197,-0.880075768,-2.166288865,0.159902082,0.86377366,1.53507195,1.408663361
5-Fluorouracil,85,7/6/2012,2.009801933,4.95780113,-0.008868328,-1.806140694,0.218937391,0.680983881,1.545244869,1.639336986
5-Fluorouracil,85,2/14/2013,2.033558778,1.096676019,-0.89407572,-2.471815343,-0.027747792,0.462842966,0.859548541,0.993598839
5-Fluorouracil,85,9/26/2013,2.291231298,0.708233876,-0.625846926,-2.425347768,0.667424661,0.937594343,1.300879555,1.304854582
5-Fluorouracil,85,12/20/2014,3.458086574,1.415498989,-0.554572502,-3.101695397,-0.211196781,0.668874253,2.10906346,1.609477948
5-Fluorouracil,85,6/17/2015,2.253226472,1.288648598,-0.222000113,-1.814542181,0.761382319,0.945552216,2.014960065,1.426301639
5-Fluorouracil,85,7/29/2013,3.078628184,0.995810466,0,-2.038886382,0.314873337,0.707446507,1.043350075,1.469485283
5-Fluorouracil,85,6/3/2015,1.327943736,0.966010337,0.08556998,-1.421012633,0.38731443,1.242685072,1.482317075,1.72440732
5-Fluorouracil,85,2/28/2013,2.195722999,0.955534417,-0.879545093,-2.425567767,0.394660774,0.433602945,1.754814204,0.862605602
5-Fluorouracil,85,6/27/2013,2.245342501,0.752689946,-0.255559285,-2.358833578,0.234210937,0.440572591,1.280107919,1.202940059
5-Fluorouracil,85,3/2/2013,3.164348863,0.951071053,-0.240183656,-2.112138031,-0.015682645,0.592461302,1.34561028,1.401954182
5-Fluorouracil,85,3/23/2012,2.903246314,1.163016917,-0.068576479,-1.774408232,-0.352237022,0.864086733,1.966858324,1.577213772
5-Fluorouracil,85,2/25/2012,2.975487585,1.136513241,-0.107895153,-1.8904783,0,0.883158427,1.077742983,1.44500543
5-Fluorouracil,84,3/15/2013,2.007417883,0.586363327,-0.859995971,-2.151208765,-0.500020164,0.082567064,0.999918728,0.771986209
5-Fluorouracil,84,12/7/2012,2.186185895,0.974096185,-0.618704487,-2.061448616,0.135013121,0.289314133,1.513708524,1.214376244
5-Fluorouracil,84,5/24/2012,1.712254442,1.230130078,-0.231608391,-1.741573754,0.089328618,0.610577603,2.517925479,1.207377322
5-Fluorouracil,84,3/16/2013,2.636835885,0.946294947,-0.7682774,-3.217143745,-0.160607729,0.212650561,1.037699405,1.058731021
5-Fluorouracil,84,8/31/2013,3.191498413,0.928203161,-0.395653054,-2.667659451,0.41599148,0.600788635,1.544795711,1.101289095
5-Fluorouracil,84,3/24/2014,2.721956103,0.644876505,-0.58851306,-2.653649516,0.162244857,0.323407784,1.278904037,1.227052883
5-Fluorouracil,84,6/16/2015,1.972496081,1.534664771,0.178356864,-1.391332638,0.801812742,1.238290458,1.683865846,1.42007819
5-Fluorouracil,84,4/26/2016,3.601309642,1.187535891,-0.344902316,-1.243535744,0.1866562,0.650377909,1.225239456,1.529632142
5-Fluorouracil,84,2/26/2012,2.147417647,1.076948988,-0.037911973,-1.850527548,0.307265944,0.631756712,1.966344934,1.461730735
5-Fluorouracil,84,6/20/2015,2.555148013,1.152758616,-0.384829231,-1.641887707,0.351588578,0.64485768,1.885801323,1.150903216
5-Fluorouracil,84,1/24/2013,2.128455459,0.932113835,-0.206634522,-2.10536139,-0.224074865,0.629569966,1.008955215,1.39157415
5-Fluorouracil,84,4/29/2016,2.054586685,0.10632868,-0.338171986,-1.134119562,-0.621106173,,0.686842115,1.286823545
5-Fluorouracil,84,4/28/2016,2.060495794,0.321422478,-0.026564461,-1.153660109,-0.108684775,0.481026157,0.74089514,1.104360404
5-Fluorouracil,84,7/5/2015,2.102757475,1.003128226,-0.087769096,-1.008386351,0.886835079,0.920407241,1.822313194,0.775518835
5-Fluorouracil,84,10/8/2015,2.489524108,0.623715986,0.151915328,-1.603085346,0.617095188,1.043350075,1.158402861,1.613194632
5-Fluorouracil,84,6/13/2014,2.533950874,0.887551082,-0.314021007,-1.429071275,0.106851826,0.72880356,1.746632368,1.310290925
5-Fluorouracil,84,10/26/2013,2.804548121,0.883303775,-0.52466199,-2.245099253,0.965234582,0.932885804,1.858701802,1.976445272
5-Fluorouracil,84,1/13/2013,1.797194002,1.221162356,-0.991591368,-2.614762047,-0.014708223,0.342006076,1.605946745,0.965996019
5-Fluorouracil,84,8/31/2012,2.016986092,1.172675735,-0.329830053,-1.80928527,0.081381527,0.511557613,2.080478324,1.764252489
5-Fluorouracil,84,9/26/2012,2.571413142,1.00419879,-0.420062595,-2.202412854,0.304451002,0.686120918,2.083578049,1.542939286
5-Fluorouracil,83,8/30/2012,1.668327657,0.947875159,-0.628473685,-2.29942862,0.342443431,0.72279676,1.973112477,1.372832796
5-Fluorouracil,83,5/18/2012,1.784294745,1.143043525,-0.477222255,-1.927846687,0.207964764,0.740833412,2.200117031,1.194861116
5-Fluorouracil,83,11/21/2013,2.212993723,0.906217854,-0.228027956,-2.62406232,0.242735513,0.496604026,1.143636768,1.39353643
5-Fluorouracil,83,3/30/2013,2.658208773,1.066758613,-0.255559285,-1.546851748,0.290576457,0.796883846,1.437762172,1.496631636
5-Fluorouracil,83,7/17/2013,2.750427854,0.95594482,-0.116409492,-2.480660537,0.732716121,0.742503778,1.348172194,1.048498518
5-Fluorouracil,83,10/16/2013,1.8259706,0.482151695,-0.526987343,-1.902630104,0.07279306,0.123593945,0.72935241,0.565062943
5-Fluorouracil,83,5/12/2012,1.969313934,1.084415818,-0.480207938,-1.742455147,0,0.546441969,2.125530882,1.418050019
5-Fluorouracil,83,5/9/2012,2.007175052,1.157147346,0.20655874,-2.101729277,0.059941829,0.808408753,1.497031072,1.459242351
5-Fluorouracil,83,7/31/2013,2.409901735,0.752689946,-0.300394933,-1.94424401,0.141832694,0.678613356,1.547487795,1.280107919
5-Fluorouracil,83,10/2/2015,2.540023846,0.860837038,0.031069126,-1.725405762,0.464953977,0.901902654,1.711777262,1.508879204
5-Fluorouracil,83,4/28/2012,2.13382199,0.97751398,0.087675518,-2.322655397,0.183295503,0.694740388,1.618826439,1.386565371
5-Fluorouracil,83,3/17/2013,3.299880623,1.514143178,-0.536564752,-2.626846372,0.36241312,0.85416779,1.596485508,0.943672233
5-Fluorouracil,83,6/26/2015,1.515621109,0.896880917,-0.140438645,-1.599356457,0.649687386,0.610271754,1.326466728,1.32885445
5-Fluorouracil,83,4/21/2016,2.610794794,0.784547403,0.027858171,-1.358191293,-0.213017154,0.778040553,1.122953237,1.047541465
5-Fluorouracil,83,4/7/2012,2.285521229,1.627450726,0.067589696,-1.710493383,0.450331358,0.750247792,2.264367024,0.499255324
5-Fluorouracil,83,7/22/2014,2.207926765,0.680624403,-0.377418222,-1.988910174,0.191717999,0.515743754,1.134558447,1.272055741
5-Fluorouracil,83,5/16/2015,1.433322852,-0.252520545,-1.230370919,-3.094652487,-0.681902533,-0.842899039,0.054263903,0.177009041
5-Fluorouracil,83,7/21/2014,2.373294682,0.929000299,-0.654941101,-2.546480504,0.45969933,0.150706768,1.228806637,1.227872025
5-Fluorouracil,83,3/29/2012,1.973605678,0.984954947,-0.21647304,-1.318278572,-0.00833959,0.972407054,2.411399368,1.25771866
5-Fluorouracil,83,3/29/2012,2.113180258,0.992944728,-0.121045758,-1.373637383,-0.281696176,0.77056389,2.398875949,1.529289498
5-Fluorouracil,82,7/16/2012,1.687622583,0.603740826,-0.173533796,-2.237673855,0.454984758,0.750053456,1.698326079,0.965349167
5-Fluorouracil,83,6/18/2015,2.390141729,0.892208302,0.055497515,-1.700150934,-0.139317704,0.660245273,1.705673984,1.268164321
5-Fluorouracil,82,4/17/2014,2.269243458,0.728254436,-0.79883612,-2.493005896,0.207996523,0.758830468,1.256229976,0.740070148
5-Fluorouracil,82,6/26/2014,2.160991877,0.994784044,-0.129592907,-2.070317477,0.518796892,0.485906346,1.309995832,1.150242636
5-Fluorouracil,82,7/18/2013,2.379228966,1.23349013,-0.123593945,-1.540390328,0.427421224,0.454927188,1.435386145,1.507288165
5-Fluorouracil,82,11/13/2013,2.797507136,0.932885804,-0.095704514,-2.304838271,0.386501589,,0.845671854,1.256339753
5-Fluorouracil,82,10/12/2013,2.857980995,1.186026676,-0.114650853,-2.872206066,0.889027214,0.667424661,1.230695725,1.200113749
5-Fluorouracil,82,5/22/2014,2.322819692,1.162989277,-0.711096684,-2.371838371,0.160405658,0.649950592,1.883763589,1.627714669
5-Fluorouracil,82,10/6/2014,2.282018399,1.129824642,-0.887423857,-3.15074438,0.314008861,0.352870395,1.431009298,1.376826996
5-Fluorouracil,82,7/27/2015,2.246504877,0.984387801,1.048118412,-0.514381097,0.431377486,1.512502725,2.797245753,1.15681701
5-Fluorouracil,82,9/22/2014,1.716464564,1.115086437,-0.655946154,-1.989680614,0.313140491,0.736005078,2.280631896,1.352346709
5-Fluorouracil,82,8/30/2012,2.276840205,1.193908556,-0.945406974,-2.384460322,0.450056819,0.572030922,1.961267672,1.328163747
5-Fluorouracil,82,5/30/2014,2.186185895,0.901438956,-0.55066681,-2.178429983,0.332355466,0.471636837,1.321210535,0.871666879
5-Fluorouracil,82,5/14/2012,2.642286847,1.301482356,-0.314597598,-2.430271497,0.147005121,0.556121917,2.414110961,1.394330018
5-Fluorouracil,81,8/14/2012,2.527738825,0.610577603,0.245941845,-2.219876823,0.388771845,0.571588254,1.074199286,0.237039197
5-Fluorouracil,81,11/18/2012,2.669680802,1.103078987,-0.772119345,-2.71093862,-0.168099057,0.277576061,1.528653684,1.115918881
5-Fluorouracil,81,9/4/2013,2.792006958,0.874469118,-0.104740833,-2.240463994,0.273798035,0.566346823,1.3533368,1.327143708
5-Fluorouracil,81,3/4/2014,1.871537555,0.619727919,-0.482303736,-1.604895941,0.0904467,0.534026545,1.68359338,1.086121801
5-Fluorouracil,81,1/29/2015,1.989596606,0.810203748,-0.278408908,-2.011232666,0.11236021,1.101396545,1.45437916,1.293195705
5-Fluorouracil,81,7/3/2014,2.330337028,1.02057299,-0.46794903,-2.773452615,0.176426567,0.761305387,1.20248769,1.359443978
5-Fluorouracil,81,9/11/2014,2.131712221,1.216563713,-0.610484435,-2.970933036,0.040614333,0.784321729,2.108893233,1.405995848
5-Fluorouracil,81,9/5/2013,2.560215838,1.104838487,-0.350186355,-1.511899039,0.790875768,0.624611577,1.379933698,1.357552005
5-Fluorouracil,81,8/15/2012,2.010751366,0.540602538,0.313940184,-1.898120386,0.783612258,0.360411744,1.08933192,0.235948779
5-Fluorouracil,81,3/29/2012,1.735202746,0.80282221,-0.397664083,-1.195529406,-0.13681921,0.83179762,2.271851463,1.326981323
5-Fluorouracil,80,7/1/2012,2.007767504,0.533641594,-0.251193564,-2.230646988,0.296097294,0.907524315,1.636465597,1.570678275
5-Fluorouracil,80,4/29/2012,1.88880463,1.12484092,-0.218572067,-1.748172168,-0.124173652,0.322892786,1.418963508,0.747953358
5-Fluorouracil,80,5/31/2014,1.746192055,0.815637524,-0.564067176,-2.433611015,0.534240206,0.368756635,1.542656663,1.129320914
5-Fluorouracil,80,10/27/2014,1.987746383,1.121100177,-0.689992931,-2.366927776,0.471238718,0.749689581,1.785493683,1.211314914
5-Fluorouracil,80,4/24/2014,1.854825463,0.8675056,-0.572754037,-2.393410461,0.064386825,0.535919777,1.489667378,1.171740443
5-Fluorouracil,80,10/7/2015,2.322351177,0.569453142,0.397781955,-1.3925301,0.511447072,0.890780283,1.149482899,1.284549936
5-Fluorouracil,80,5/7/2016,1.641291496,0.571328853,0.111452354,0.070377464,0.42319331,1.02899463,1.194298932,1.126962559
5-Fluorouracil,80,4/18/2014,2.675938402,0.803988071,-0.576594735,-2.183112071,0.147117085,0.551069104,1.314814045,1.056371001
5-Fluorouracil,80,3/27/2014,2.094693229,0.723222548,-0.920534533,-2.018337764,0.266354764,0.450573149,0.873075522,0.9255452
5-Fluorouracil,80,2/25/2012,2.335695569,1.089172041,-0.325073174,-1.8904783,0.248015556,0.970515316,1.35882624,1.251220086
5-Fluorouracil,79,3/21/2014,1.872335809,0.629527441,-0.825363496,-2.24056123,0.379161361,0.224667327,1.761842264,1.092650819
5-Fluorouracil,79,5/21/2014,1.856100837,0.948182567,-0.42619802,-1.997068631,0.435310176,0.658740427,1.74188092,1.527586135
5-Fluorouracil,79,3/22/2014,2.012538771,0.245941845,-0.61978613,-2.236247433,0.575818268,0.452767888,0.993912942,1.116356865
5-Fluorouracil,79,3/17/2012,2.422555023,0.541209551,-0.522765519,-1.645819841,-0.224949702,0.218450674,0.460645498,1.241929488
5-Fluorouracil,78,4/26/2014,2.046493659,1.071713509,-0.364411426,-1.826232314,0.330927708,0.668828061,1.440304871,1.228264808
5-Fluorouracil,78,4/27/2012,1.349891796,0.817841503,0.063453281,-1.621770326,-0.016760122,0.080315437,1.582372016,1.00315332
5-Fluorouracil,78,6/7/2014,1.890699012,0.979725547,-0.249082017,-2.187278297,0.450439602,0.485255902,1.358151276,1.008342479
5-Fluorouracil,77,12/18/2014,2.141869969,0.808865236,-0.950394454,-2.536878249,0.233096194,0.455693178,1.692240419,1.301372736
5-Fluorouracil,76,12/23/2012,1.70339838,0.762809548,-0.438793244,-2.612926063,0.162933024,-0.119291526,0.997078426,0.750823824
5-Fluorouracil,76,10/10/2014,1.522061768,0.757915227,-0.513801472,-2.085294212,0.528374047,0.709622463,1.526180436,0.775484262
5-Fluorouracil,76,4/8/2012,1.740088079,1.45583604,-0.430121024,-1.522943225,0.782972365,1.192846061,2.044660994,1.412565601
5-Fluorouracil,76,5/5/2012,1.582559551,1.590691831,-0.202971221,-1.990880896,0.196423162,0.52158735,1.553460791,1.229821927
5-Fluorouracil,70,9/27/2012,2.608534402,0.35816057,0.285992542,-1.139378371,0.171329124,0.043604091,-1.169925001,1.695246876
5-Fluorouracil,68,6/6/2015,0.763616507,0.493337168,-0.301456287,-1.180613257,-0.169341095,0.924253372,0.87035211,0.887344572
Alpha-Amanitin,87,2/19/2012,-0.361168835,-0.110131826,0.222251071,-0.438785941,-1.700495208,-0.641459035,-0.24290432,-0.168889412
Alpha-Amanitin,81,3/17/2012,1.965764522,0.690172935,0.386361905,0.229576147,-1.639987201,0.325696657,1.61467702,-0.055607425
Alpha-Amanitin,78,3/23/2012,1.141415763,0.439538333,0.238317677,0.449331247,-2.047097592,0.434478282,1.639053663,0.217434781
Alpha-Amanitin,85,3/23/2012,1.317903301,0.414274819,0.247029104,0.535254581,-2.008765036,0.331129555,1.67464242,0.268899817
Alpha-Amanitin,86,3/17/2012,1.948220102,0.616429622,0.270620872,0.063967826,-1.369535324,0.159753196,1.804519993,-0.206106534
Alpha-Amanitin,75,2/19/2012,0.008013212,-0.345022933,0.271063442,-0.256974133,-1.700495208,-0.391850443,-0.072990338,-0.181521665
Alpha-Amanitin,84,2/25/2012,0.480582497,-0.158321193,0.526132298,0.360135132,-2.137386317,0.05425146,0.632123006,-0.275081838
Puromycin,84,3/23/2012,2.439845793,0.770513472,0.131288072,-1.308019915,-1.846013075,0.321500511,-0.389775271,0.527549917
Puromycin,90,3/23/2012,2.658873582,0.951306862,0.415267845,-1.165582847,-2.487270554,0.479992941,-0.558664683,0.699885283
Puromycin,86,4/27/2012,2.43775233,0.970534717,0.12509522,-1.269012611,-2.212391776,-0.083379841,-0.708598638,0.612504291
Puromycin,84,3/25/2012,2.142473755,0.920534533,0.371605086,-1.083302647,-1.484507079,-0.074585502,-0.406743959,0.635821846
Hydroxyurea,79,3/29/2012,2.90024222,-0.062763052,-0.059692657,-2.115054549,-0.01670607,1.065148001,-0.174569139,0.873154829
Hydroxyurea,68,4/27/2012,2.073666695,0.166376021,-0.36298423,-2.229630072,-0.339652907,0.478366111,-0.070092429,0.451836402
Hydroxyurea,82,3/29/2012,3.349609025,-0.321883017,-0.238274335,-2.144589953,0.049487627,0.994042477,-0.193020535,0.873154829
Hydroxyurea,91,3/29/2012,3.990914091,0.319385067,-0.152384493,-2.62868964,0.129985053,0.66815744,-0.138241934,1.031644449
Hydroxyurea,86,5/12/2012,3.777536661,-0.146690143,-0.438772148,-2.757101923,-0.479741595,0.840851774,0,0.750314009
PhenPt(IV),87,3/29/2012,2.946706851,1.450471766,-0.029646274,-0.373434144,-1.722691068,0.316233244,0.675344942,1.084036069
PhenPt(IV),89,4/7/2012,3.056819134,1.503920316,0.374333644,-0.455022369,-1.230777991,0.475074764,0.599863675,0.924080802
PhenPt(IV),88,4/8/2012,2.731442413,1.709182529,0.071056835,-1.000203239,-1.700193902,0.861471703,-0.067045956,1.215073163
PhenPt(IV),78,4/8/2012,2.407250463,1.428951911,-0.111575423,-0.805235248,-1.123074217,0.722297101,0.42170123,0.889351129
PhenPt(IV),71,3/29/2012,2.599770006,1.178216168,-0.2056564,-0.498293003,-1.369054113,0.361922619,0.616306629,1.05495154
Quinoplatin,74,4/27/2012,2.455117253,1.743063489,0.07384903,-0.883175624,-0.920578887,0.436259325,-0.157831952,0.755788453
Quinoplatin,76,5/14/2012,2.540376176,0.997081553,0.034615265,-0.752789253,-1.142563398,0.142112344,0.126204826,1.002938393
Quinoplatin,75,5/24/2012,2.597592832,1.288419295,0.112591826,-0.386501589,-1.470029891,0.294131397,0.773982005,0.621326297
Quinoplatin,89,5/24/2012,3.185740801,1.572337987,-0.058951453,-0.649092838,-2.113821166,0.358718661,0.948530232,0.448299953
Quinoplatin,73,5/18/2012,2.493412468,1.102787145,0.103433636,-0.285493283,-1.306395636,0.427754248,0.375715455,0.418361683
Quinoplatin,77,5/5/2012,2.328929085,1.562847953,-0.078616874,-0.89407572,-0.449696396,0.57537904,0.297574341,1.01731911
Quinoplatin,94,5/5/2012,3.027018619,2.477573331,-0.092038139,-1.512365032,-0.937792518,0.738404743,-0.132878792,1.182980106
Acridineplatin,37,5/9/2012,1.615752893,0.890823463,0.220471852,-0.745639354,-0.284844702,0.427754248,-0.093653578,0.603374013
Acridineplatin,35,5/12/2012,1.298289448,0.962743733,-0.281460143,-0.70069372,-0.537765398,0.158550442,-0.150917952,0.548470845
Acridineplatin,46,4/25/2012,1.968895275,1.472302068,-0.009355425,-0.445079549,-0.624929515,0.180000756,-0.755223521,0.696182472
Acridineplatin,77,5/24/2012,2.756607044,2.172522004,0.484560604,-0.692472385,-1.384311057,0.498771481,0.288593519,0.966951229
Acridineplatin,73,5/18/2012,2.82467868,2.309057923,0.237310692,-0.603228989,-0.876313879,0.427754248,-0.599983008,0.898039284
Acridineplatin,74,5/14/2012,2.606158124,1.755240949,0.156792485,-0.823222773,-0.763875094,0.187627003,-0.422724656,0.868951844
Acridineplatin,83,5/14/2012,3.042379352,2.299408548,0.188915089,-1.142609151,-1.378192815,0.353235325,-0.459825421,1.258879511
Acridineplatin,91,5/14/2012,3.754185864,2.916659469,0.068655516,-1.154556015,-1.702404148,0.284844702,-0.441176053,1.454919707
Acridineplatin,89,5/5/2012,3.708862784,3.975785646,0.577427899,-1.385977662,-0.64276369,0.927885311,-0.828098644,1.635159179
chlorambucil,90,7/6/2012,3.927786077,4.446813393,-0.332245639,-1.676111223,-0.492750168,0.266924001,-1.171738951,1.167749067
Chlorambucil,88,7/1/2012,3.811124931,3.928292724,-0.401862961,-1.745643763,-0.925343852,0.735847264,-1.469178335,1.433322852
Chlorambucil,87,5/14/2012,4.304580135,4.304111137,-0.095313146,-1.873515821,-0.778790195,0.476791141,-1.291530742,1.651454728
Chlorambucil,89,5/12/2012,4.485957799,4.442097651,-0.055519034,-1.949499604,-0.646619365,0.674130335,-1.295455884,1.418050019
Chlorambucil,88,5/12/2012,4.391108173,4.23446949,-0.055519034,-1.949499604,-0.646619365,0.674130335,-1.295455884,1.418050019
Chlorambucil,82,5/12/2012,3.889438767,4.089370311,-0.171265999,-1.661246596,-0.585413695,0.618995806,-1.087270392,1.442594589
Chlorambucil,86,5/9/2012,4.041659152,4.778792594,-0.197878196,-2.301432843,-0.511113374,0.830603134,-1.345108465,1.605946745
Chlorambucil,73,5/9/2012,3.629944358,3.904270417,0.220471852,-1.87638995,-0.364439901,0.608747166,-1.274387826,1.205373837
Chlorambucil,89,5/5/2012,3.798613276,4.965323945,-0.188741941,-2.244012555,-0.39615638,0.498221087,-1.139323661,1.502404502
Chlorambucil,58,4/25/2012,2.984170589,2.34900283,0.205648549,-1.419546494,-0.543222801,0.48602367,-1.165422077,1.064942553
MitomycinC,80,7/1/2012,4.611433086,4.501344503,0.939670281,-1.289338245,-0.991078055,0.884712268,-1.021246701,1.391006728
MitomycinC,91,7/1/2012,5.582714359,5.48634357,0.812645795,-1.959146345,-1.62289802,1.048133749,-1.230814363,1.511250802
MitomycinC,87,7/6/2012,4.494336867,4.856250061,0.41617214,-1.379944166,-0.839171369,0.622147843,-0.745542423,1.279697726
mitomycinC,89,7/6/2012,4.791882988,4.871638872,0.30814015,-1.727674679,-0.623816921,0.816549206,-0.804028388,1.512297798
MitomycinC,75,7/16/2012,3.531057162,3.804947377,0.919641643,-1.469024579,-0.809089973,0.904741068,-0.845717767,1.287307321
MitomycinC,82,7/16/2012,3.868888086,4.049059853,0.933570606,-1.643090492,-0.969259945,1.115150955,-0.916800865,1.532447652
MitomycinC,86,7/16/2012,4.135431277,4.69050277,0.933570606,-1.709898549,-0.970953158,1.162469859,-0.969034228,1.476896499
MitomycinC,88,7/16/2012,4.266100634,5.263935153,0.695898077,-2.17028499,-0.954093143,0.947332047,-1.363980223,1.376696907
Irinotecan,81,11/15/2012,4.333455655,4.297888566,1.747535849,-1.749707592,-0.009172812,0.533641594,-0.658263823,1.691176516
Irinotecan,90,11/15/2012,5.451854013,4.10282617,1.835107026,-1.711795619,-0.230880356,0.736803074,-0.687910097,2.14286108
Irinotecan,88,12/9/2012,4.576895456,5.091527057,1.373658869,-1.454694413,-0.137647069,0.963971218,-0.491352175,2.201746775
Irinotecan,86,11/18/2012,4.731627596,5.051534926,1.333305847,-1.763112899,-0.395530081,0.824514271,-1.115380122,2.135343603
Erlotinib,81,11/18/2012,2.6813798,0.720425918,0.454686678,-1.612821526,-1.558329821,0.092671793,0.280280048,2.473829001
Erlotinib,87,11/18/2012,3.219728557,0.95594482,0.424071311,-1.953244008,-1.413550425,-0.126204826,0.251203461,2.902091367
Erlotinib,80,12/9/2012,2.294590122,-0.030198169,-0.294779161,-1.290802116,-1.118398358,0.88542445,0.59990931,3.316102111
vinblastine,89,11/24/2012,2.337773884,0.609572283,0.209643929,-0.697359055,-0.744647669,-0.958266628,-4.004824407,0.901693651
vinblastine,83,12/9/2012,2.048469578,0.768636621,0.220604099,-0.433540545,-0.86081853,-0.565592346,-3.898253814,0.787017471
vinblastine,88,11/23/2012,2.186448131,0.612826548,0.028527723,-0.78846434,-0.823684858,-0.322585209,-3.131764866,0.796300673
vinblastine,92,11/23/2012,2.145798294,0.443301351,-0.158550442,-0.855311053,-0.790999488,-0.526118604,-3.45101054,0.758666419
17-AAG,81,1/31/2013,1.352767929,0.870629097,-0.048438806,-1.955071045,-0.305904281,-1.147043423,-0.844443879,0.819075924
17-AAG,81,1/31/2013,1.55670377,0.656931344,-0.05609567,-1.797115738,0.101584575,-0.910057875,-1.236553959,0.95209893
17-AAG,83,4/27/2013,2.147498952,0.937236465,-0.145615128,-1.8269845,-0.103562389,-0.606329225,-0.712197689,1.527851006
17-AAG,88,1/31/2013,1.782033691,1.040493276,-0.275608834,-1.797115738,0.166657578,-0.900087586,-2.410248743,0.510711272
17-AAG,77,3/7/2013,1.260794444,0.546279429,-0.191524538,-1.122463648,-0.300547705,-1.058105091,-0.329197183,0.82456515
17-AAG,91,6/22/2013,1.811372455,1.050201281,-0.097371654,-1.532227279,-0.473431995,-1.038327689,-0.585734061,1.09001503
17-AAG,86,3/7/2013,1.610434973,0.951306862,-0.142112344,-1.218669335,-0.37036845,-1.101044335,-0.245112498,1.050582941
Mitoxantrone,88,12/7/2012,3.853029716,3.651485254,1.337372323,-0.741129804,-2.245606266,-1.801109452,-0.96357752,1.26517726
Mitoxantrone,79,12/11/2012,3.477488113,3.038488605,1.283495125,-0.656301282,-1.323001472,-1.486785622,-0.790646776,1.087829754
Mitoxantrone,82,12/23/2012,3.609390903,3.317191643,1.366863691,-0.425652249,-1.887571855,-1.530881652,-0.766386145,1.193138906
Mitoxantrone,86,12/23/2012,3.981625072,3.669987982,1.373651004,-0.554876775,-1.827947872,-1.068038083,-0.547471496,1.464211757
Mitoxantrone,87,12/11/2012,4.138321146,3.478491029,1.381974459,-0.729729252,-1.575154146,-1.811928581,-0.92177459,1.332978911
Mitoxantrone,87,12/11/2012,3.955307395,3.915606653,1.57827631,-0.846063608,-1.759139092,-1.486785622,-0.983188859,1.332978911
Mitoxantrone,88,12/11/2012,4.553298542,3.996579533,1.497472026,-0.748581379,-1.825195999,-1.811928581,-0.952223566,1.385881619
Etoposide,78,12/7/2012,2.752898011,3.40086962,0.603834512,-0.643713048,-1.725708177,-0.623942221,-1.036978586,1.578317751
Etoposide,81,12/7/2012,2.891799286,3.359009572,0.757755525,-1.120726568,-1.743063489,-0.374360344,-0.811556937,1.614183744
Etoposide,87,DEC-7-2012,3.134362402,3.595559357,0.792939232,-1.018073391,-1.338626554,-0.424943812,-0.96357752,1.679531674
Etoposide,82,1/17/2013,3.17013728,3.3846286,0.663248812,-0.921003222,-1.522268304,-0.317044371,-0.650150579,1.369254393
Etoposide,84,1/17/2013,3.240543787,3.357791357,0.710174221,-0.741129804,-1.666868233,-0.206728693,-0.87790438,1.50622583
Etoposide,88,1/17/2013,3.205285555,3.761087318,0.469288277,-0.859067496,-1.569078965,-0.422989844,-0.752927083,1.500073603
Etoposide,75,12/11/2012,2.961056803,3.309928601,0.827189608,-0.806404843,-1.517969463,-0.259292465,-0.641878368,1.374147795
Etoposide,81,12/11/2012,3.047800721,3.26944304,0.839375839,-0.620712526,-1.273356877,-0.330478175,-0.877027024,1.687894436
Etoposide,85,12/11/2012,3.222392421,3.708933583,0.94805661,-0.767641226,-1.575154146,-0.174167083,-1.079394547,1.69944063
Etoposide,87,12/11/2012,3.423452322,3.952825951,0.924051147,-1.442143048,-1.391424942,-0.385836987,-0.708065003,1.80909876
Etoposide,72,1/19/2013,2.422899063,3.049955539,0.440151157,-0.334834846,-1.011189395,-0.432462739,-0.871897569,1.348631251
Camptothecin,60,1/13/2013,0.967272873,4.100204936,-4.990019634,-0.903946849,-0.150401932,0.312519419,-0.081053387,0.554269292
Camptothecin,67,1/19/2013,2.642986214,3.142446319,0.796357592,-0.590939958,0.27720454,0.570475653,-0.157850417,1.635252477
Camptothecin,72,1/24/2013,3.012954223,3.436476559,0.801467498,-1.395547402,-0.1978731,0.739598586,-4.16153095,1.909032763
Camptothecin,90,2/14/2013,4.110238559,3.772943996,0.494623643,-6.977937817,0.431737934,-0.162731897,-1.149325047,1.120123372
camptothecin,82,3/8/2013,3.711310194,4.298374069,0.639299674,-1.067740461,0.084639317,0.545889738,0.521496876,1.965444017
Camptothecin,89,4/8/2013,2.835478909,2.336469596,-0.412518523,-1.595659515,0.154929379,0.605599329,0.145738796,1.686662398
Camptothecin,83,3/8/2013,5.095587851,5.034966795,0.566768578,-1.163946149,0.353916354,0.545889738,-0.410658074,2.184562871
Camptothecin,81,7/17/2013,4.281874845,4.203872333,1.348172194,-1.603090441,0.842899039,0.350186355,-1.060720381,1.652076697
Camptothecin,74,7/29/2013,4.077780288,3.579342714,1.506959989,-0.924379323,0.21492375,0.618909833,-1.109896185,1.469485283
Camptothecin,87,7/29/2013,4.868149813,4.28757659,1.860596943,-1.684800814,0.67652974,0.618909833,-1.23349013,1.816288047
Camptothecin,89,7/18/2013,4.166235242,4.930130781,1.464581686,-0.84682866,0.551015169,0.742503778,-0.981140973,2.059370534
Camptothecin,90,7/17/2013,4.537434131,5.011227255,1.415037499,-1.035919574,1.235216462,0.831040452,-0.870958055,2.044394119
Decitabine,81,3/15/2013,1.031171896,-0.794420272,0.587501344,-0.55554925,-0.545709539,-0.09530669,-1.673180572,1.32453797
Decitabine,84,3/15/2013,0.922697237,-1.035823399,0.519561778,-0.925444271,-0.455185631,-0.11485557,-1.770662801,1.409458857
Decitabine,92,3/15/2013,1.144473079,-1.283306801,1.15613698,-0.825671017,-0.385117717,-0.028180001,-1.442658542,1.298494583
Decitabine,79,3/17/2013,1.186973108,0,0.713639519,-0.830614828,-0.498293003,0.720479024,-1.29600655,1.243312395
Decitabine,80,3/16/2013,0.859600951,-0.446039373,0.980176075,-1.326285005,-0.847395946,0.279696517,-1.423634647,1.638609129
Decitabine,84,3/16/2013,0.891562715,-0.331183803,0.92227008,-1.063226552,-0.883452579,0.063967826,-1.745202473,1.646462943
Decitabine,86,3/16/2013,1.083755981,-0.495671214,0.584482003,-1.388299726,-1.37857927,0.090867829,-1.727674679,1.746641118
Decitabine,85,3/21/2013,1.044161537,0.323825864,0.952375395,-0.976437328,-0.475281575,0.70999425,-0.636928285,1.544685248
Decitabine,87,3/21/2013,1.501748346,-0.127236114,0.685280025,-1.017527896,-0.246624598,0.79550725,-1.124705227,2.075906522
Decitabine,88,3/21/2013,1.266306272,-0.212831442,1.019472108,-1.388444895,-0.35168763,0.731581543,-0.91729103,1.943181868
Decitabine,80,3/22/2013,1.275278002,0.326879723,0.599614009,-0.42374896,-0.197457354,0.299205184,-0.810997945,1.702861673
Decitabine,87,3/22/2013,1.477379628,0.029911405,0.868951844,-0.584365639,-0.336482234,0.28301106,-0.865649949,1.85246669
Decitabine,91,3/22/2013,1.391108813,0.352923111,0.708546186,-0.908576972,-0.403128805,0.44848727,-0.655792177,1.907552093
Methotrexate,77,3/15/2013,1.184266401,0.618263463,-1.033093578,-1.887571855,1.007743751,-0.288389366,-1.054781872,0.563484669
Methotrexate,77,3/15/2013,1.290211874,0.762407291,-0.700606223,-2.558507579,0.893931158,-0.215258166,-0.924599193,0.931092745
Methotrexate,85,3/15/2013,1.471352802,0.675153458,-1.180814162,-1.798944503,0.697689823,-0.018748616,-0.732698334,1.069805949
Methotrexate,86,3/15/2013,1.497396189,0.93908562,-1.194830818,-2.115754701,0.71015352,-0.44268919,-0.924599193,0.868862208
Methotrexate,80,3/16/2013,1.305423704,1.118165592,-0.502432349,-1.87369358,1.028753656,-0.133454809,-0.788942957,0.904189807
Methotrexate,81,3/16/2013,1.251918374,0.883598457,-0.613792929,-2.661747946,1.150518904,-0.104194567,-1.014295803,0.987974699
Methotrexate,82,3/16/2013,1.417526695,1.130261098,-0.579752679,-2.709041253,0.802635745,0,-0.865060147,1.038745454
Methotrexate,81,3/17/2013,1.953204487,1.336527002,-0.353235325,-2.362628449,1.648949913,0.249120396,-0.848189311,1.101694126
Methotrexate,85,3/17/2013,2.370726572,1.384240308,-0.473730617,-2.778147408,1.812859297,-0.040900093,-0.790165508,0.882900651
Methotrexate,86,3/17/2013,2.585367832,1.56682777,-0.183710128,-2.778147408,1.583864141,0.175299713,-0.722636566,0.838557296
Methotrexate,86,3/17/2013,2.44348247,1.366380965,-0.494472464,-2.403654162,1.518281222,0.108729773,-0.562734484,1.03631944
Gemcitabine,80,3/17/2013,1.717022222,0.89631696,-1.167232064,-1.327290797,0.370449991,0.94024088,0.848343299,0.428273326
Gemcitabine,75,3/22/2013,1.350639558,0.855733045,-0.653189287,-1.098250782,0.665169392,0.897349647,0.935596873,0.823713034
Gemcitabine,85,3/22/2013,1.52958218,1.199177849,-0.810501292,-1.098250782,0.698160289,0.809423319,0.98846522,0.982887516
Gemcitabine,81,3/21/2013,1.756420674,0.854585977,-1.098452253,-1.414639286,0.697607666,1.144384402,0.822470732,0.963843093
Gemcitabine,91,3/21/2013,2.036660208,1.004824225,-0.700373667,-2.359193576,0.868672826,1.25870197,0.990171068,1.079751022
Scriptaid,79,3/17/2013,1.081719304,0.101238896,-0.668108662,-1.392493716,0.272378094,0.728063392,-1.356407608,3.345681794
Scriptaid,84,3/21/2013,0.766704874,-0.222542804,-0.68713784,-2.094975653,-0.246624598,0.554572502,-1.325355263,3.647135015
Scriptaid,77,3/22/2013,0.749245461,0.019985567,-0.717185331,-1.640889243,0,0.590475843,-0.784248902,3.120308081
Scriptaid,73,2/15/2014,0.903380179,-0.584728645,-0.081986381,-1.441771472,0.066846713,0.370998922,-0.795031077,2.746101203
Scriptaid,71,2/15/2014,0.74689145,-0.251800607,-0.153142417,-1.859634032,0.265380091,0.509182551,-0.838612445,3.252472277
Cyclohex,82,FEB-26-2012,2.474875382,-0.41599148,0.434641196,-1.534269656,-0.46160599,-0.290710745,-0.219513164,2.580319127
Cyclohex,91,FEB-26-2012,2.730595691,-0.174536628,0.213820119,-1.857483277,-0.482151695,0.100116987,-0.431510924,3.206697893
Cyclohexamide,91,3/21/2013,2.797837214,-0.364116062,0.248175386,-1.458378592,-0.773029962,0.323825864,0.478970038,3.083912806
Cyclohexamide,84,3/21/2013,2.465830831,-0.34610537,0.090183709,-1.416796383,-0.57685567,-0.027101805,0.379503507,2.589050845
Cyclohexamide,89,3/21/2013,3.004265932,-0.212650561,0.326618036,-2.000460557,-0.930805741,-0.08224898,0.583879433,2.820414498
Zebularine,78,6/24/2013,0.249152996,0.276163678,0.141832694,-1.973610019,-0.099949587,0.228027956,-0.110182918,1.720680511
Zebularine,84,6/24/2013,0.444807097,0.187627003,0.513801472,-1.776091346,0,0.153951365,0,2.069590272
Zebularine,78,6/29/2013,0.337034987,-0.095704514,0.141832694,-2.08059411,0,0.380654505,-0.482151695,1.980547637
Zebularine,80,7/14/2013,0.33376301,0.256605679,-0.155131986,-2.03709621,0.284466629,0.531145127,0.166657578,1.995372289
Zebularine,86,7/14/2013,0.84565598,-0.267365952,-0.165192802,-2.433423005,0.703798512,0.480607735,-0.194236077,2.119279289
Zebularine,88,7/14/2013,0.660248657,0.032450649,-0.165192802,-2.39723585,0.38271391,0.125164722,-0.574195947,2.592762067
Zebularine,90,7/14/2013,0.471575439,0.157545869,-0.376907827,-3.044274996,0.014562798,0.125164722,-0.701973423,2.675469783
Zebularine,86,6/24/2013,0.536729586,0,0.273798035,-2.416362897,-0.20469042,0.153951365,-0.22659241,2.069590272
Zebularine,90,6/24/2013,0.444807097,-0.20469042,0.273798035,-2.199438282,-0.20469042,0,-0.350186355,2.556049809
Docetaxel,90,6/27/2013,3.696640651,0.276163678,0.116409492,-2.123217016,-1.426700417,0,-0.513801472,0.680837582
Docetaxel,90,7/17/2013,3.488935613,0.875685248,0.314873337,-2.192645078,-0.659408852,0.240003437,-1.492907523,1.131244533
Docetaxel,88,6/29/2013,3.8259706,0.180459164,0.39739198,-1.963634254,-1.343954401,0.080259572,-0.893482507,0.971985624
Docetaxel,84,6/29/2013,3.509013647,0.428957477,0.828674809,-1.520111356,-1.565556954,0.234210937,-0.22659241,0.971985624
Docetaxel,81,8/2/2013,2.7589919,0,0.180459164,-1.228419355,-0.513801472,-0.255559285,-0.582908842,0.497499659
Docetaxel,81,7/17/2013,3.406189597,0.707446507,0.410577851,-1.361795478,-0.953087069,0,-0.835369298,0.782546628
Docetaxel,77,6/27/2013,2.955453561,0.52466199,0.331333243,-1.294542207,-0.875685248,0.153951365,-0.240003437,0.562371797
Docetaxel,67,8/1/2013,2.483884662,0,0.428957477,-1.094104186,-0.749418033,0.116409492,-0.234210937,0.362570079
Topotecan,64,6/27/2013,3.550197083,3.550197083,0.707446507,-1.394491794,-0.444402419,0.575502171,-0.371968777,1.260794444
Topotecan,83,7/18/2013,4.166235242,4.568474378,1.183972776,-0.84682866,0.295455884,0.916533177,-0.62398439,2.059370534
Topotecan,88,7/18/2013,4.81532808,5.1348212,1.464581686,-1.350716518,0.295455884,1.157541277,-0.482151695,2.370966694
Topotecan,83,7/17/2013,4.537434131,4.281874845,1.139930261,-1.551926587,0.492712684,0.650581288,-0.90728526,1.787006277
Topotecan,89,7/17/2013,4.679266825,5.011227255,1.210734216,-1.766982738,0.360747344,0.916533177,-1.274222963,1.981384322
Daunorubicin,92,2/15/2014,4.200951897,4.220629095,1.178851788,-1.669591579,-1.216115076,-1.222951884,-1.964995284,2.042213404
Daunorubicin,89,3/3/2014,4.864566428,4.18015984,1.195760599,-1.10238102,-1.537001258,-1.5241455,-2.056643957,1.387648831
Daunorubicin,89,2/13/2014,4.275304271,4.068063177,1.217814013,-1.398185423,-1.218208906,-1.90799664,-1.97906323,2.139555374
Daunorubicin,83,2/15/2014,3.492492731,3.440872015,0.922455202,-1.03553927,-1.077056432,-1.357614268,-1.950916418,1.488526667
Daunorubicin,80,3/3/2014,3.963005068,3.740046598,0.999279193,-1.022483669,-1.598415527,-1.199607337,-2.259394833,1.277825553
Epirubicin,81,2/3/2014,3.794266465,3.4855611,1.415037499,,-1.119701803,-1.211504105,-1.313834413,1.431339312
Epirubicin,85,2/3/2014,4.245724925,4.00894017,1.293731203,,-1.205194528,-1.506959989,-1.566966071,1.507288165
Epirubicin,90,2/3/2014,4.245724925,4.188611717,1.354664881,,-1.119701803,-1.555704323,-1.827469504,1.653731733
Epirubicin,72,2/1/2014,3.055403148,2.703516803,1.261847491,,-0.832890014,-1.506959989,-1.200819009,1.258461676
Epirubicin,77,2/1/2014,3.055403148,3.294308383,1.324095932,,-0.995895602,-1.523061663,-1.200819009,1.660911354
Epirubicin,89,2/13/2014,4.466761124,4.215869975,1.599802992,-0.828742814,-1.218208906,-1.750424224,-1.225194696,1.817348115
Epirubicin,89,3/3/2014,4.742389208,4.444561774,1.574662091,-0.681939749,-1.995597935,-1.967885937,-1.572459832,1.515637875
Epirubicin,88,2/15/2014,4.168563175,3.964530996,1.391653294,-0.511069033,-1.23429704,-1.46567011,-0.986814927,1.512781552
Epirubicin,88,2/15/2014,4.07363352,3.851100713,1.65930183,-0.498186362,-1.305174828,-1.435490867,-1.787071173,1.480392829
Epirubicin,84,2/13/2014,3.96674096,3.790663787,1.465583799,-0.77409081,-1.17346134,-1.298470493,-1.078464387,1.498555764
Epirubicin,83,3/3/2014,4.050146035,4.160084164,1.701187909,-0.464894156,-1.582867083,-1.612000588,-1.829021588,1.486009512
Epirubicin,80,2/15/2014,3.525348981,3.370537604,1.39898147,-0.701157583,-1.363258255,-1.355238738,-1.514051802,1.14105035
Epirubicin,76,3/3/2014,3.701880253,3.832437834,1.031667915,-0.310610205,-1.785860081,-1.667014922,-1.40020423,1.129770859
Epirubicin,74,2/15/2014,3.244152749,2.668776931,1.279571394,-0.729945653,-1.178537037,-1.253937615,-0.936743304,1.074754028
Carmustine,79,2/3/2014,3.656828487,3.600992096,0,,0.060933678,0.300394933,-1.637095305,1.273077228
Carmustine,80,2/1/2014,3.244507868,3.4097856,0.265951889,,-0.063009798,0.153951365,-1.827469504,1.506959989
Carmustine,90,2/1/2014,3.722513647,4.055120719,-0.410577851,,-0.063009798,0.228027956,-1.910632997,1.506959989
Carmustine,72,2/12/2014,3.247627358,2.643143572,0,-1.431339312,-0.506959989,-0.255559285,-1.566966071,0.633008541
Carmustine,91,2/12/2014,4.170629959,3.580737915,-0.513801472,-1.735379343,-0.326500825,0.331333243,-1.910632997,1.251918374
Carmustine,79,3/24/2014,3.36923381,3.16820045,-0.365768337,-1.392698735,-0.524809015,0.031638623,-2.206727685,1.071713509
Carmustine,90,3/24/2014,3.610241909,3.897665871,-0.876902426,-1.790222334,-0.986097443,0.070690601,-2.125111507,1.397289381
Carmustine,91,3/22/2014,3.622973743,3.42137675,-0.150025444,-1.355531942,-0.322799775,0.050446376,-2.903751119,1.472584995
Carmustine,78,2/17/2014,3.344578133,3.396440037,-0.264302869,-1.295904919,-0.286777893,-0.063141729,-1.620774661,1.309282534
Carmustine,92,2/17/2014,3.514023595,4.549553502,-0.600935573,-1.879052531,-0.403859446,-0.229799308,-1.183843756,1.780857974
Vinorelbine,89,3/24/2014,2.459999274,0.36526221,0.353191469,-1.312175693,-1.477143001,-0.713487999,-3.849463313,0.684631414
Vinorelbine,86,3/27/2014,2.784675655,0.551054936,0.130323339,-0.820135434,-0.891186513,-0.282652187,-4.431141503,0.797993099
Vinorelbine,84,3/21/2014,1.918544627,0.384076542,0.140811429,-1.015346298,-1.438787906,-0.134051334,-3.459812999,0.673689717
Vinorelbine,79,2/17/2014,2.722778864,0.514391137,0.265845051,-1.387094612,-1.458829261,-0.475741153,-2.82747383,1.181066851
Vinorelbine,77,3/22/2014,2.000986798,0.175299713,0.273858184,-0.465759809,-1.043729766,0.033740306,-3.400005506,0.604002234
Vinorelbine,74,3/6/2014,2.0938906,1.039896583,0.372501609,-0.781505703,-1.159772285,-0.536193328,-3.004538263,0.818943489
Vinorelbine,71,3/27/2014,2.415284414,0.349162485,0.498474451,-0.806714169,-0.662529536,-0.302116798,-3.477217799,0.822487245
Vinorelbine,70,3/21/2014,1.94740711,0.282001021,0.180145791,-0.8788264,-0.680920207,-0.124878522,-3.569064445,0.61471386
Vinorelbine,66,3/22/2014,1.943258366,-0.0939709,0.360712472,-0.717447055,-0.663881695,-0.130716189,-3.441531947,0.51867263
Vinorelbine,62,3/2/2014,2.053203523,0.495449302,0.045513582,-0.923415942,-0.800141835,-0.159128581,-2.796316412,0.249965847
Lomustine,94,3/2/2014,4.110399403,3.718764057,-0.283861163,-1.192264291,-0.588541203,-0.073533253,-1.695060921,1.286829028
Lomustine,93,3/4/2014,4.113957713,4.727529674,-1.818045635,-1.753248448,-1.402996795,0.173423043,-1.464436643,1.680198414
Lomustine,91,3/21/2014,3.476087458,3.893777293,-0.692290502,-1.900986456,-0.764795442,0.24057749,-1.92434069,1.352025867
Lomustine,87,3/21/2014,3.43900691,3.589382384,-0.398551679,-1.870229012,-0.428849669,0.200627463,-1.889741439,1.395046883
Lomustine,86,3/4/2014,4.376313986,4.400022088,-0.984378523,-1.480231162,-1.731645804,-0.455683124,-1.852126639,1.09525929
Lomustine,79,3/21/2014,3.062871731,3.122380748,-0.484955136,-1.25663529,-0.371559865,0.160080064,-2.067042891,1.195531022
Lomustine,64,3/6/2014,2.66208182,2.954922985,-0.101968804,-1.113161577,-0.651425661,-0.142748103,-0.884406905,1.036978586
Busulfan,90,4/21/2014,4.828683743,5.290202227,1.760736428,-0.567935061,-0.909416687,0.538956884,-1.596392363,1.372601732
Busulfan,90,4/19/2014,4.554798793,4.970934487,1.601699472,-1.076562875,-0.80573498,0.741654863,-1.552970826,1.467281349
Busulfan,87,4/21/2014,3.994651326,4.49516583,1.800717604,-0.42748699,-0.765743619,0.481767163,-1.583802524,1.180035029
Busulfan,79,4/21/2014,3.586485399,4.097937936,1.475126033,-0.195440128,-0.662749819,0.245212726,-1.217352434,0.709888232
Busulfan,76,4/21/2014,3.24505396,3.327374047,1.256675359,-0.291619673,-0.45282759,0.190661992,-0.983913016,0.611505413
Busulfan,74,4/19/2014,2.96940063,3.366888594,1.29145438,-0.860268346,-0.22784932,0.43934044,-1.078604299,0.968791487
Pemetrexed,88,4/21/2016,2.014353285,1.187847173,-0.106554956,-1.670771288,0.024519228,0.2782094,0.722731347,1.096843648
Pemetrexed,89,4/21/2016,1.910990821,1.366803178,0.103362464,-1.999379391,-0.232263638,-0.052446675,0.35713278,1.145451422
Pemetrexed,92,4/23/2016,1.908899074,1.210778068,-0.006500277,-1.2473351,0.313011719,0.248309658,0.485558767,1.035627799
Pemetrexed,91,4/23/2016,1.834897802,1.464921716,-0.006500277,-2.253809443,0.495875776,0.475587352,0.886189172,1.236641377
Pemetrexed,88,4/28/2016,1.622081956,0.670783575,-0.155320423,-0.869431873,-0.093976552,-0.18140777,0.216883956,0.909315616
Pemetrexed,87,4/28/2016,1.401755367,0.964706422,-0.189971273,-1.35933156,-0.043032749,0.119211715,-0.049193141,1.214487223
Pemetrexed,88,4/28/2016,1.500335756,0.894836213,0.123906999,-1.529572739,-0.283216405,0.180902161,0.103249802,1.060962214
Pemetrexed,88,4/28/2016,1.583981743,0.688669045,-0.073489869,-1.428397007,0.07050769,0.04424706,0.216883956,0.718959806
Pemetrexed,87,4/28/2016,1.513307095,0.795215603,0.130331551,-1.41438035,-0.050260695,0.248028282,0.079101593,0.732378325
Cabazitaxel,74,4/28/2016,0.684923382,-0.453225877,-0.121002585,-0.366831437,0.486808546,-0.14844612,-1.128122882,0.116597757
Cabazitaxel,82,4/28/2016,1.060235107,-0.549542399,-0.23907065,-0.307685921,0.617475314,-0.295585475,-1.339245862,-0.06909456
Cabazitaxel,90,4/29/2016,1.899481346,-0.501400534,-0.35271013,-1.018378529,0.319461347,,-0.947268035,0.091215529
Cabazitaxel,79,5/19/2016,2.415514177,-0.458646051,-0.269685137,-0.67738283,0.972590461,-0.525264279,-0.748053784,0.525796232
Cabazitaxel,93,5/19/2016,3.258217596,-0.532495081,-0.242560275,-0.561785881,0.949503893,-0.702569145,-0.987085452,0.320071726
